allele,peptide,length,meas,netmhc,netmhcpan,smmpmbec_cpp,meas_scaled,netmhc_scaled,netmhcpan_scaled,smmpmbec_cpp_scaled,my_pred
HLA-A3201,AAAWYLWEVK,10,2065.380155810529,23604.78233180578,9120.108393559096,119.94993031493792,0.2945262478923993,0.0693705224836989,0.1572621241791557,0.5575626151940567,0.30856675
HLA-A3201,AAIGKAWEEG,10,69984.19960022731,21777.09772353159,26363.313858253816,108.14339512979386,-0.0310770223111087,0.0768189633053477,0.0591555179282947,0.5671391819647481,0.1474162
HLA-A3201,ADMGCVVSW,9,414.9540426343633,279.8981319634363,2344.228815319923,23.33458062281004,0.4428566265406639,0.4792475802692914,0.2828215551726653,0.708872370170981,0.5836275
HLA-A3201,AEFKYIAAV,9,77803.6551039804,1849.2686189780777,27415.74171927881,509.3308710571952,-0.0408664016767044,0.3047412524478035,0.0555377038149225,0.4239163055941854,0.004331149
HLA-A3201,AFDLSHFLK,9,77803.6551039804,30831.87950249353,24210.290467361752,103038.6120441616,-0.0408664016767044,0.0446842614748055,0.0670295839397522,-0.0668295382550232,0.0072709247
HLA-A3201,AFSGVSWTMK,10,8356.030182312474,22130.947096056363,8749.837752274356,1482.5180851459545,0.1653490027855173,0.075329275141018,0.1610927508874323,0.3251712615586117,0.201062
HLA-A3201,AGILARWGSF,10,1145.5129414455348,16710.90614310707,6367.955209079156,46.77351412871981,0.3490062721878882,0.101292411719337,0.1904608889842193,0.6446029665098965,0.13166675
HLA-A3201,AGILARWSSF,10,2818.382931264455,12852.866599436156,3026.9134281013075,46.34469197362879,0.265796547580325,0.1255530475384219,0.2591993571382931,0.6454542168895134,0.35659593
HLA-A3201,AGILKRWGQL,10,4446.312674691088,26485.001386067008,13243.415351946644,179.88709151287873,0.2236596537892827,0.0587298927384862,0.1227864838046666,0.5201075984909082,0.17751724
HLA-A3201,AGILKRWGTI,10,8810.488730080138,20892.96130854041,3026.9134281013075,61.94410750767812,0.1604543131027195,0.0806495900136243,0.2591993571382931,0.6186398299315776,0.20030782
HLA-A3201,AGVLARWGTF,10,8433.347577642757,19769.69640111862,8090.958991783821,60.53408747539133,0.1644977524059002,0.0857570922913264,0.1683283791141768,0.6207679558806201,0.14226678
HLA-A3201,AILLVAVSF,9,12823.30582656023,24.60367604147628,201.3724249862389,9.506047936562814,0.125765860133326,0.7039776804881832,0.5096797813405995,0.7918692821836399,0.654422
HLA-A3201,ALDLSHFLK,9,77803.6551039804,24831.33105295568,14028.13704561959,10641.430182243164,-0.0408664016767044,0.0646886453958054,0.1174661689320601,0.1430036803205706,0.0374922
HLA-A3201,ALIFILLTA,9,77803.6551039804,337.2873086588689,1409.2887984218733,106.6596121230258,-0.0408664016767044,0.4620097600820468,0.3298531386465054,0.5684160575341737,0.3372487
HLA-A3201,ALNELPESL,9,1406.0475241299143,179.88709151287873,794.3282347242813,62.95061828571978,0.3300659512414096,0.5201075984909082,0.3828434747776645,0.6171501417672477,0.33943617
HLA-A3201,ALSELPETL,9,16.982436524617444,200.9092812608728,608.1350012787176,73.45138681571147,0.7382405082677681,0.5098925939355039,0.4075297357865579,0.6028916979086627,0.53073466
HLA-A3201,AMEELPDTI,9,21379.620895022323,105.92537251772886,872.9713683881122,34.35579478998746,0.0785214640645818,0.5690544953188865,0.37411815838659,0.6731198542270664,0.15801792
HLA-A3201,APRTLVYLL,9,43551.18736855679,13365.955165464433,21877.61623949552,7362.070974947361,0.0127623722391676,0.1219352334250495,0.0763933381155393,0.1770536955052513,0.029311512
HLA-A3201,AQIDNYNKF,9,2716.439268839081,3076.096814740708,1857.804455091697,449.779854893288,0.2692015490987931,0.2577096689739634,0.304315627257995,0.4354081857190152,0.23693356
HLA-A3201,ATFKMRPMF,9,11.830415557251646,142.56075936021878,61.51768727098683,154.5254439538414,0.7716520856677359,0.5416016705762378,0.6192782677162902,0.5341532297545888,0.6000041
HLA-A3201,ATGPITTLW,9,220.80047330188992,96.8277856261249,190.98532585662383,64.86344335482381,0.5011672775444296,0.5773541865201524,0.5145744710233975,0.6143835780334925,0.42582262
HLA-A3201,ATGPLTTLW,9,1059.2537251772887,192.30917289101595,268.5344445658509,116.14486138403426,0.3562419004146329,0.5139360332386846,0.4830782069775678,0.5605419915227163,0.39197382
HLA-A3201,ATLAFHLTS,9,428.5485203974392,440.554863506553,1770.108958317422,102.80162981264736,0.4398772502120045,0.4373234990731535,0.3087846917509842,0.5718210590526418,0.123878434
HLA-A3201,ATLLVAVSF,9,34.197944251370885,13.803842646028846,23.604782331805783,6.165950018614822,0.6735454794168749,0.7573936418091509,0.7078083071964598,0.8318780500256396,0.69231266
HLA-A3201,ATLLVWHTW,9,2.679168324819032,466.65938031428817,57.543993733715695,35.39973410834348,0.9089162093809796,0.4320031842005472,0.6254498329685136,0.6703532904933112,0.6763816
HLA-A3201,ATMANEMGF,9,138.03842646028852,109.90058394325207,54.82769649208539,100.23052380778994,0.5445810469048973,0.5656494938004184,0.6299188974615029,0.5741619975965886,0.60166854
HLA-A3201,ATPYDINQML,10,38370.724549227845,7413.102413009177,4570.881896148751,218776.1623949552,0.0244670649589014,0.1764152577205384,0.2211059026504317,-0.1364192567887143,0.037451304
HLA-A3201,ATYEPDVDL,9,7396.052750582374,159.220872705117,1309.181922999407,54.32503314924333,0.1766280703154428,0.5313866660208335,0.3366631416834414,0.63077014784112,0.033749104
HLA-A3201,ATYGWNLVK,9,756.8328950209736,434.51022417157145,191.8668740670289,401.7908108489396,0.3873125392706539,0.4386003746425789,0.514148845833589,0.4458360028693237,0.43116096
HLA-A3201,AVDLSHFLK,9,77803.6551039804,27542.28703338169,19769.69640111862,13803.842646028836,-0.0408664016767044,0.0551120786251139,0.0857570922913264,0.1189558570963901,0.055034824
HLA-A3201,AVDLSHFLR,9,77803.6551039804,27289.777828080405,9162.204901219991,22233.09890651401,-0.0408664016767044,0.055963329004731,0.1568364989893472,0.0749036499512096,0.083776124
HLA-A3201,AVLFVVTLI,9,1273.5030810166616,65.16283940608427,62.8058358813318,32.96097121774578,0.3392168928222925,0.6139579528436839,0.6173629543621519,0.676950480935343,0.5878986
HLA-A3201,AVLTGGVTL,9,6698.846094165266,314.7748314101317,668.3439175686149,46.66593803142887,0.1857790118963256,0.4683941379291744,0.3988044193954835,0.6448157791048007,0.33342272
HLA-A3201,AYIDNYNKF,9,77803.6551039804,8433.347577642757,9162.204901219991,3047.894989627984,-0.0408664016767044,0.1644977524059002,0.1568364989893472,0.2585609193535804,0.10498053
HLA-A3201,AYIDNYNKV,9,39719.15494694405,18197.008586099822,16982.43652461746,21928.04935350449,0.0212748760353376,0.0934183457078796,0.099802723555007,0.076180525520635,0.059148647
HLA-A3201,DEDCAHWKEA,10,69984.19960022731,28379.19028441558,48977.88193684466,240.4362800006932,-0.0310770223111087,0.0523455148913586,0.0019089298990504,0.4932932115329722,0.13063478
HLA-A3201,DEDHAHWTEA,10,390.8408957924021,26121.61354399205,48865.235934283366,231.739464996848,0.4483897540081746,0.0600067683079118,0.0021217424939548,0.4966982130514401,0.13221583
HLA-A3201,DEHLRGFSK,9,77803.6551039804,31117.1633710602,45289.75799036214,137404.1975012515,-0.0408664016767044,0.0438330110951884,0.009144558125795,-0.0934311126180551,0.07890122
HLA-A3201,DEHLRGFSM,9,77803.6551039804,27797.132677592883,44874.53899331323,27797.132677592883,-0.0408664016767044,0.0542608282454969,0.0099958085054121,0.0542608282454969,0.078541346
HLA-A3201,DHQAAFQYI,9,77803.6551039804,23659.196974857565,41591.06104940219,231739.464996848,-0.0408664016767044,0.0691577098887947,0.0170186241372526,-0.1417395716613207,0.0669448
HLA-A3201,DTQGSNWIQK,10,267.30064086633115,23823.19469358689,22181.964198002195,428.5485203974392,0.4835038321673764,0.0685192721040819,0.0751164625461138,0.4398772502120045,0.18487129
HLA-A3201,DTRTQTWMSA,10,5741.164622073275,20701.413487910413,40644.33291652128,261.2161354399205,0.2000374557549107,0.0815008403932414,0.019146750086295,0.485631958116419,0.12936285
HLA-A3201,DVCGMFTNR,9,77803.6551039804,19010.782799232995,24043.628000069348,68233.8694141669,-0.0408664016767044,0.0893749064046988,0.0676680217244648,-0.0287360837671619,0.040514357
HLA-A3201,EDMLAVWNRV,10,219.2804935350448,23659.196974857565,39810.71705534969,709.5777679633894,0.5018057153291424,0.0691577098887947,0.0210620634404334,0.3932712919279728,0.35295385
HLA-A3201,EDMLKVWNRV,10,19633.60276836048,23713.737056616552,39355.007545577726,1150.8003889444367,0.0863955300760391,0.0689448972938904,0.0221261264149547,0.3485806469980795,0.22679839
HLA-A3201,EDMLSVWNRV,10,34434.99307633384,23768.402866248784,39174.18771077831,829.8507675144217,0.0344692569194013,0.0687320846989861,0.0225517516047631,0.3788000354744838,0.3437169
HLA-A3201,EDMLTVWNRV,10,13677.288255958494,23120.64790175594,37844.25847170936,857.0378452303702,0.1198071074760069,0.0712858358378372,0.0257439405283268,0.3758206591458241,0.27235135
HLA-A3201,EIPERSWNSG,10,19678.86289706843,22130.947096056363,43954.16154378243,226.464430759306,0.086182717481135,0.075329275141018,0.0119111218595505,0.4988263390004828,0.13651423
HLA-A3201,ELNYVLWEGG,10,9332.543007969914,20276.8271952128,34833.731503601164,189.2343618644974,0.1551339982301131,0.0834161537473797,0.0334051939448801,0.5154257214030146,0.1778459
HLA-A3201,ERYFRIHSL,9,77803.6551039804,3784.425847170936,19769.69640111862,40271.703432545946,-0.0408664016767044,0.2385565354325804,0.0857570922913264,0.019998000465912,0.17074612
HLA-A3201,ERYFRINSL,9,77803.6551039804,4830.588020397723,26668.586645214808,42854.85203974392,-0.0408664016767044,0.2159984003727297,0.0580914549537734,0.0142520604034973,0.09681765
HLA-A3201,ETFGFEIQSY,10,5807.644175213118,1303.1667784523,1862.087136662868,711.2135136533288,0.1989733927803894,0.3370887668732499,0.3041028146630906,0.3930584793330687,0.115966395
HLA-A3201,ETINEEAADW,10,69984.19960022731,14028.13704561959,20989.398836235243,104472.02192208004,-0.0310770223111087,0.1174661689320601,0.0802239648238158,-0.0681064138244489,0.088753894
HLA-A3201,ETINEEAAEW,10,69984.19960022731,12416.523075924097,13001.6957803329,64268.77173170194,-0.0310770223111087,0.1287452364619858,0.1244889845639006,-0.0232029562996514,0.1139702
HLA-A3201,ETRAETWMSS,10,47206.304126359,23120.64790175594,37497.30022454834,196.33602768360475,0.0053139314175186,0.0712858358378372,0.026595190907944,0.5120207198845464,0.108473115
HLA-A3201,ETRTETWMSS,10,12852.866599436156,23442.288153199228,38904.51449942805,200.9092812608728,0.1255530475384219,0.0700089602684116,0.0231901893894759,0.5098925939355039,0.1104078
HLA-A3201,EVKSCHWPKS,10,13458.60354055947,27415.74171927881,41209.75190973304,862.978547766971,0.1212967956403369,0.0555377038149225,0.0178698745168695,0.3751822213611113,0.08882899
HLA-A3201,EVKTCIWPKS,10,49545.019080479055,27733.20104651844,38282.474331682286,855.0667128846832,0.0008448669245292,0.054473640840401,0.0246798775538056,0.3760334717407284,0.09617795
HLA-A3201,EVKTCTWPKS,10,48528.8500162121,27478.94153102397,39627.803425543934,870.9635899560806,0.0027601802786675,0.0553248912200181,0.0214876886302418,0.3743309709814943,0.075492136
HLA-A3201,EVMRSRWSRK,10,50118.72336272725,24660.39337234336,28313.91995799379,703.0723198838334,-0.0002191960499919,0.0653270831805182,0.0525583274862628,0.3941225423075899,0.17163768
HLA-A3201,FAGKTVWFVP,10,26668.586645214808,22698.64851883821,25351.286304979072,223.3572222830533,0.0580914549537734,0.0729883365970712,0.0627733320416671,0.5001032145699082,0.05331162
HLA-A3201,FKGKTVWFVP,10,69984.19960022731,23604.78233180578,43151.9076827765,225.94357702209783,-0.0310770223111087,0.0693705224836989,0.0136136226187845,0.4990391515953869,0.05427216
HLA-A3201,FLGKIWPSHK,10,69984.19960022731,25527.013026612472,5357.966575133411,106414.30182243163,-0.0310770223111087,0.0621348942569542,0.2064218336020383,-0.0698089145836828,0.04893483
HLA-A3201,FLGKIWPSYK,10,28973.435877013213,25234.80772480576,4742.419852602448,21527.817347243737,0.0504302015372204,0.0631989572314756,0.2177009011319637,0.0778830262798691,0.07007896
HLA-A3201,FLNEDHWFGR,10,1563.1476426409538,22438.81923782766,2322.736796357108,271.01916318908445,0.3202765718758139,0.0740523995715924,0.2836728055522823,0.4822269565979509,0.21034595
HLA-A3201,FLNEDHWFSR,10,7762.471166286919,18578.04455091699,1124.6049739669268,224.90546058357805,0.1721590058224534,0.0915030323537413,0.3507087729471222,0.4994647767851955,0.1377832
HLA-A3201,FLPSDYFPSV,10,24888.573182823904,18836.49089489802,9375.620069258805,3741.105882720533,0.0644758328009011,0.0902261567843157,0.1547083730403046,0.2396205984071018,-0.012267701
HLA-A3201,FLRGRAYGI,9,13995.873225726178,2070.141348791044,879.0225168308842,1066.596121230258,0.1176789815269645,0.294313435297495,0.3734797206018774,0.35560346262992,0.07159646
HLA-A3201,FMNEDHWFSR,10,7095.777679633895,17498.466886246584,837.5292821268827,233.8837238659356,0.1804586970237192,0.0970361598212518,0.3779487850948667,0.4958469626718231,0.16942453
HLA-A3201,FPFKYAAAF,9,77803.6551039804,9078.205301781862,7834.296427662112,5176.068319505676,-0.0408664016767044,0.1576877493689641,0.1713077554428365,0.2096140225256021,0.044441983
HLA-A3201,FPFLYKFLL,9,55975.76014951104,24603.676041476272,19364.219639466068,64416.92655151776,-0.0104342006053961,0.0655398957754224,0.0876724056454647,-0.0234157688945557,0.0035217851
HLA-A3201,FPGKTVWFVP,10,69984.19960022731,23713.737056616552,42266.86142656033,228.03420720004183,-0.0310770223111087,0.0689448972938904,0.0155289359729227,0.4981879012157699,0.06720495
HLA-A3201,FPVKPQVPL,9,77803.6551039804,23227.367963571098,21281.390459827133,19543.394557753963,-0.0408664016767044,0.0708602106480286,0.0789470892543903,0.0868211552658476,0.015622191
HLA-A3201,FPVKPQVPLR,10,69984.19960022731,27733.20104651844,33342.64127632347,74644.8758410067,-0.0310770223111087,0.054473640840401,0.037448633248061,-0.0370357749684278,0.035609223
HLA-A3201,FPVRPQVPL,9,77803.6551039804,24945.94726942956,22908.676527677748,16032.453906900417,-0.0408664016767044,0.0642630202059968,0.0721370862174541,0.1051230384276135,0.0178935
HLA-A3201,FPVRPQVPLR,10,69984.19960022731,28313.91995799379,33884.415613920275,72945.75102545695,-0.0310770223111087,0.0525583274862628,0.0359589450837311,-0.0349076490193853,0.03770252
HLA-A3201,FPVTPQVPL,9,77803.6551039804,21877.61623949552,24888.573182823904,14689.262776438662,-0.0408664016767044,0.0763933381155393,0.0644758328009011,0.1132099170339752,0.011890076
HLA-A3201,FPVTPQVPLR,10,69984.19960022731,28119.008303989394,34040.81897010009,79250.13304804718,-0.0310770223111087,0.0531967652709757,0.0355333198939226,-0.0425689024359383,0.030951742
HLA-A3201,FPYSTFPII,9,37670.37989839093,19633.60276836048,13001.6957803329,78704.57896950985,0.0261695657181353,0.0863955300760391,0.1244889845639006,-0.0419304646512257,0.007732466
HLA-A3201,FQPHQLWTTL,10,762.0790100254114,13489.628825916532,5508.076964054036,214.28906011200584,0.3866741014859411,0.1210839830454325,0.2038680824631872,0.5039338412781849,0.24570882
HLA-A3201,FQSHQLWATL,10,1963.360276836048,15170.503674593368,2511.88643150958,246.0367604147628,0.2992081249802928,0.1102305407053156,0.2764371773255377,0.4911650855839296,0.33026078
HLA-A3201,FRYNGLIHR,9,70631.75542629622,29716.66031738025,23442.288153199228,2128139.045982709,-0.0319282726907257,0.0480892629932736,0.0700089602684116,-0.3466781005541166,0.0408134
HLA-A3201,FSLHYAWKTM,10,3706.80721782576,12359.474334445094,1667.2472125510626,39.08408957924019,0.2404718487867189,0.1291708616517942,0.3143178192184949,0.6612023489124284,0.26783836
HLA-A3201,FTLTVAWRTA,10,9397.233105646385,16826.740610704674,4055.085354483839,60.81350012787179,0.1544955604454003,0.1006539739346242,0.2321721575854529,0.6203423306908116,0.07853908
HLA-A3201,FVGKTVWFVP,10,8413.951416451948,20323.57010936221,23496.328208483097,215.27817347243737,0.1647105650008046,0.0832033411524755,0.0697961476735073,0.5035082160883763,0.04322467
HLA-A3201,FVNYNFTLV,9,9162.204901219991,9772.372209558112,4446.312674691088,5248.074602497728,0.1568364989893472,0.150877746332028,0.2236596537892827,0.2083371469561765,0.2923367
HLA-A3201,GKIIHEWCCR,10,51641.63692720711,27289.777828080405,42559.841313374265,100.69316688518045,-0.0029857597837472,0.055963329004731,0.01489049818821,0.57373637240678,0.09517001
HLA-A3201,GLFPVSIPI,9,6.471426157485831,12.359474334445109,13.99587322572618,13.09181922999407,0.8274089855326503,0.7676086463645551,0.7561167662397253,0.7622883314919487,0.49289116
HLA-A3201,GLFTNSSGTQ,10,69984.19960022731,10092.528860766834,25003.453616964296,6309.57344480193,-0.0310770223111087,0.1478983700033685,0.0640502076110927,0.1913121393638363,-0.032789953
HLA-A3201,GLLFMILTV,9,77803.6551039804,77.26805850957025,774.4617978025184,127.9381304157524,-0.0408664016767044,0.5982098208207691,0.3851844133216113,0.5516038625367377,0.24684921
HLA-A3201,GLYSSTVPV,9,959.4006315159326,40.83193863326921,690.239803840242,61.51768727098683,0.3653928419955158,0.6571589096092474,0.395825043066824,0.6192782677162902,0.2773418
HLA-A3201,GMFTDRSGSQ,10,69984.19960022731,14655.478409559128,26546.055619755363,9705.0996724549,-0.0310770223111087,0.1134227296288793,0.0585170801435821,0.1515161841167408,0.0017596111
HLA-A3201,GMFTNRFGSQ,10,69984.19960022731,11297.959146727975,17701.08958317422,1892.343618644974,-0.0310770223111087,0.1374705528530601,0.0959720968467305,0.3026131264987609,0.035468116
HLA-A3201,GMFTNRLGSQ,10,69984.19960022731,11587.77356155126,21478.30474130533,3689.7759857015008,-0.0310770223111087,0.1351296143091133,0.0780958388747733,0.2408974739765274,0.013281643
HLA-A3201,GMFTNRSGFQ,10,69984.19960022731,19860.94917357372,25644.84036517716,14157.93779957081,-0.0310770223111087,0.0853314671015179,0.0617092690671459,0.1166149185524433,0.035088435
HLA-A3201,GMFTNRSGS,9,77803.6551039804,17139.573075084252,20606.299132700005,4415.704473533126,-0.0408664016767044,0.0989514731753902,0.0819264655830499,0.2242980915739956,-0.0008344129
HLA-A3201,GMFTNRSGSQ,10,69984.19960022731,12359.474334445094,23120.64790175594,8090.958991783821,-0.0310770223111087,0.1291708616517942,0.0712858358378372,0.1683283791141768,-0.0007821545
HLA-A3201,GMFTNRYGSQ,10,69984.19960022731,9931.160484209337,17418.068733916163,7128.530301265198,-0.0310770223111087,0.1493880581676983,0.0974617850110602,0.1800330718339108,0.035389658
HLA-A3201,GNPGRFWNTT,10,9908.319448927688,20892.96130854041,38904.51449942805,151.70503674593368,0.1496008707626024,0.0806495900136243,0.0231901893894759,0.5358557305138228,0.1302996
HLA-A3201,GPGHKARVL,9,77803.6551039804,25351.286304979072,38459.17820453536,57279.60309858292,-0.0408664016767044,0.0627733320416671,0.0242542523639971,-0.0125623265544387,0.037942953
HLA-A3201,GPILTLWEGN,10,504.6612975635287,26668.586645214808,45081.670454146006,79.79946872679764,0.4247675559738024,0.0580914549537734,0.0095701833156036,0.5952304444921097,0.14939387
HLA-A3201,GPISTLWEGN,10,9036.494737223024,25703.95782768865,45814.1886714534,79.43282347242814,0.1581133745587726,0.0614964564722415,0.0080804951512738,0.5956560696819182,0.18721613
HLA-A3201,GPITTLWEGS,10,2877.398414735667,26668.586645214808,44977.98548932884,80.16780633876793,0.2638812342261868,0.0580914549537734,0.0097829959105077,0.5948048193023011,0.1402413
HLA-A3201,GPLTTLWEGS,10,18238.957023196384,26424.087573219447,45708.81896148752,115.61122421920992,0.0932055331129753,0.0589427053333906,0.008293307746178,0.5609676167125248,0.13579354
HLA-A3201,GPSHKARVL,9,77803.6551039804,26061.53549998898,36475.3946925608,67297.66562843182,-0.0408664016767044,0.0602195809028159,0.0291489420467949,-0.0274592081977365,0.04168601
HLA-A3201,GPVLTLWEGN,10,1555.9656316050734,27733.20104651844,46558.60935229591,131.5224832192239,0.3207021970656225,0.054473640840401,0.0065908069869441,0.5490501113978865,0.15238938
HLA-A3201,GQLKLNWFKK,10,2074.9135174549087,19860.94917357372,10990.05839432522,774.4617978025184,0.2941006227025908,0.0853314671015179,0.1400243039919111,0.3851844133216113,0.19363031
HLA-A3201,GSAKLQWFVE,10,69984.19960022731,22750.97430772072,34833.731503601164,213.30449131465767,-0.0310770223111087,0.0727755240021669,0.0334051939448801,0.5043594664679933,0.16643575
HLA-A3201,GSAKLRWFVE,10,22284.35149270303,22490.546058357828,32210.687912834343,198.60949173573715,0.0746908373563053,0.0738395869766882,0.0406408221716246,0.5109566569100252,0.17465205
HLA-A3201,GSPGKFWNTT,10,25822.60190634596,16218.1009735893,26853.444456585035,157.39828644662197,0.061070831282433,0.1040589754530922,0.0574530171690609,0.5324507289953548,0.11495464
HLA-A3201,GSSKIRWIVE,10,2264.64430759306,23496.328208483097,33496.54391578279,252.34807724805728,0.2860137440962291,0.0697961476735073,0.0370230080582523,0.4888241470399829,0.21973762
HLA-A3201,GSVNVVYTF,9,267.9168324819032,24.717241450161303,18.365383433483466,23.38837238659355,0.4832910195724722,0.7035520552983747,0.7310048800410234,0.7086595575760768,0.49620426
HLA-A3201,GTAKLRWFVE,10,21134.890398366475,18620.871366628657,25409.727055493066,195.43394557753945,0.079585527039103,0.0912902197588371,0.0625605194467627,0.512446345074355,0.16180372
HLA-A3201,GTFHTMWHVT,10,13396.766874259343,6223.002851691589,9078.205301781862,131.5224832192239,0.1217224208301454,0.1925890149332618,0.1576877493689641,0.5490501113978865,0.23163441
HLA-A3201,GTFKKSGAI,9,4931.738039549359,146.55478409559117,143.5489433353656,72.77798045368239,0.2140830870185913,0.5390479194373867,0.540963232791525,0.6037429482882798,0.19077328
HLA-A3201,GTGNIGETL,9,8128.305161640995,287.0780582024692,2128.139045982713,160.69412530128773,0.1679027539243683,0.4769066417253446,0.2917596841586439,0.5305354156412165,0.1804919
HLA-A3201,GTLALSLTF,9,1370.8817661648536,9.954054173515267,7.585775750291837,14.996848355023731,0.3324068897853564,0.7876130302855548,0.8127249164842568,0.7497323883925977,0.4102321
HLA-A3201,GVFFTFVLL,9,399.9447497610973,112.2018454301963,300.6076302628232,128.82495516931337,0.4462616280591321,0.5637341804462801,0.4726503898272595,0.5509654247520249,0.5667376
HLA-A3201,GVFHTMWHVT,10,15031.419660900208,9840.111057611344,16634.126503701696,127.0574105208542,0.1110817910849327,0.1502393085473152,0.1017180369091454,0.5522423003214504,0.10180878
HLA-A3201,GVFPVSIPI,9,44.46312674691088,17.619760464116293,22.335722228305315,16.982436524617444,0.64928484359779,0.7348355067493,0.7129158094741619,0.7382405082677681,0.5305998
HLA-A3201,GVSGGAWVDL,10,69984.19960022731,12161.86000646368,10690.548792226577,291.7427014001166,-0.0310770223111087,0.1306605498161239,0.1425780551307621,0.4754169535610149,0.06076569
HLA-A3201,GVSGGSWVDI,10,4315.19076827765,6223.002851691589,2443.430552693971,285.10182675039096,0.2264262175230381,0.1925890149332618,0.2789909284643888,0.4775450795100573,0.043851446
HLA-A3201,HFRGFSKSI,9,77803.6551039804,924.698173938223,3837.072454922784,2958.0124665515464,-0.0408664016767044,0.3687978435139837,0.2372796598631551,0.2613274830873356,0.08230379
HLA-A3201,HLRGFSKSI,9,10568.175092136586,71.12135136533288,528.4452517751807,305.49211132155125,0.1436421181052835,0.6058710742373223,0.4205113040757173,0.4711607016629298,0.16699085
HLA-A3201,HMILVVVTT,9,77803.6551039804,219.2804935350448,4581.418867145335,106.16955571987242,-0.0408664016767044,0.5018057153291424,0.2208930900555274,0.5688416827239822,0.4119802
HLA-A3201,HPDIVIYQY,9,77803.6551039804,24888.573182823904,30199.51720402019,23550.49283896009,-0.0408664016767044,0.0644758328009011,0.0465995748289437,0.0695833350786032,0.011376053
HLA-A3201,HPEIVIYQY,9,77803.6551039804,23933.15756405385,34833.731503601164,17947.336268325245,-0.0408664016767044,0.0680936469142735,0.0334051939448801,0.0946952212773052,0.008791409
HLA-A3201,HTQGYFPDWQ,10,16218.1009735893,17947.336268325245,27039.583641088408,23067.471887200714,0.1040589754530922,0.0946952212773052,0.056814579384348,0.0714986484327413,0.17360136
HLA-A3201,HTWTEQYKF,9,151.0080154164149,65.76578373554206,12.793813041575246,36.64375746478333,0.5362813557036313,0.6131067024640668,0.7644164574409913,0.6671611015697474,0.5492057
HLA-A3201,IDNVHTWTEQ,10,9862.7948563121,23388.37238659353,44771.33041763623,184.92686189780773,0.1500264959524111,0.0702217728633159,0.0102086211003165,0.5175538473520571,0.11397961
HLA-A3201,IEELREHLL,9,77803.6551039804,26607.250597988084,43451.022417157146,12971.792709839572,-0.0408664016767044,0.0583042675486777,0.0129751848340717,0.1247017971588048,0.061148837
HLA-A3201,IEELRQHLL,9,77803.6551039804,26668.586645214808,39719.15494694405,9817.479430199845,-0.0408664016767044,0.0580914549537734,0.0212748760353376,0.1504521211422196,0.059197757
HLA-A3201,IEELRRHLL,9,77803.6551039804,27289.777828080405,39355.007545577726,11614.486138403438,-0.0408664016767044,0.055963329004731,0.0221261264149547,0.1349168017142089,0.058376037
HLA-A3201,IELPEKDSW,9,77803.6551039804,20558.90595984141,37325.01577957207,1584.893192461114,-0.0408664016767044,0.0821392781779541,0.0270208160977524,0.3189996963063883,0.07822429
HLA-A3201,IGFLVLWIGT,10,69984.19960022731,22490.546058357828,23713.737056616552,87.09635899560806,-0.0310770223111087,0.0738395869766882,0.0689448972938904,0.587143565885748,0.042045787
HLA-A3201,IGILLTWLGL,10,38815.036599064784,20417.379446695275,5559.042572704037,73.2824533138904,0.0234030019843802,0.082777715962667,0.2030168320835702,0.6031045105035671,0.06864441
HLA-A3201,IGVIITWIGM,10,59020.108017184415,23823.19469358689,14028.13704561959,115.3453257821092,-0.015328890288194,0.0685192721040819,0.1174661689320601,0.5611804293074291,0.09181842
HLA-A3201,IGVLLTWIGL,10,33036.95410368149,22646.44307593062,8394.599865193974,119.94993031493792,0.0382998836276778,0.0732011491919754,0.1649233775957088,0.5575626151940567,0.14811741
HLA-A3201,IGVVITWIGM,10,7311.390834834172,23659.196974857565,14190.575216890926,115.61122421920992,0.177692133289964,0.0691577098887947,0.1164021059575389,0.5609676167125248,0.08898993
HLA-A3201,IHAHHQWMTT,10,26915.34803926913,18030.1774085957,38547.835766577206,78.16278045883297,0.0572402045741565,0.0942695960874965,0.0240414397690928,0.5971457578462479,0.38213047
HLA-A3201,IHAKHEWMTT,10,5236.0043658575005,21527.817347243737,38994.19866765436,79.98342550070285,0.2085499595510808,0.0778830262798691,0.0229773767945715,0.5950176318972054,0.15777051
HLA-A3201,ILIGVIITW,9,23496.328208483097,63.5330931851744,107.89467222298286,158.8546748597779,0.0697961476735073,0.6162988913876307,0.5673519945596524,0.5315994786157379,0.5352036
HLA-A3201,ILIGVVITW,9,247.74220576332863,37.32501577957204,102.5651926251408,84.91804750363139,0.4905266477992168,0.6654586008105133,0.5720338716475459,0.5894845044296948,0.49258375
HLA-A3201,ILLKIVTQF,9,412.0975190973304,82.79421637123345,292.4152377843334,30.269134281013045,0.4434950643253768,0.5918254429736416,0.4752041409661106,0.6848245469468004,0.47195113
HLA-A3201,ILMWEAVTL,9,77803.6551039804,19.81527025805098,34.514373933585624,21.87761623949553,-0.0408664016767044,0.723982064409183,0.672694229037258,0.7148311228283002,0.4962703
HLA-A3201,IMAIGIVSI,9,77.62471166286916,181.5515662773135,39.902490236214206,114.28783347897723,0.5977841956309606,0.5192563481112911,0.65928703555829,0.5620316796870459,0.7714888
HLA-A3201,IMAVGIVSI,9,10.139113857366794,138.3566378971781,35.39973410834348,97.27472237769656,0.7859105295263209,0.544368234309993,0.6703532904933112,0.5769285613303438,0.7382655
HLA-A3201,IMAVGMVSI,9,20.417379446695296,223.872113856834,100.23052380778994,118.57687481671596,0.7212155006754277,0.499890401975004,0.5741619975965886,0.558626678168578,0.6647103
HLA-A3201,IRFPKTFGY,9,63679.55209079149,4216.965034285822,7709.034690644301,9616.122783836649,-0.0223517059200342,0.2285543434720807,0.1727974436071662,0.1523674344963578,0.11420329
HLA-A3201,ISGLFPVSI,9,1267.651865857846,121.05981335504828,53.08844442309885,55.59042572704037,0.339642518012101,0.5567113648144397,0.6328982737901625,0.6286420218920774,0.487947
HLA-A3201,ISGVFPVSI,9,1129.7959146727976,93.11078754678306,98.8553094656939,61.37620051647942,0.3502831477573137,0.5809720006335246,0.575438873166014,0.6194910803111946,0.4250379
HLA-A3201,ISPRTLNAW,9,5093.308710571952,11297.959146727975,11015.393095414143,2393.315756405385,0.2111037106899318,0.1374705528530601,0.1398114913970068,0.2809062418185272,0.4239283
HLA-A3201,ISYGGGWRFQ,10,56493.69748123022,19543.394557753963,11508.003889444357,162.55487557504833,-0.0112854509850131,0.0868211552658476,0.1357680520938261,0.5294713526666953,0.18771344
HLA-A3201,ITANPIVTD,9,2426.6100950824143,799.8342550070284,8184.647881347903,244.34305526939715,0.2796293662491016,0.3822050369929517,0.1672643161396555,0.4918035233686424,0.16361953
HLA-A3201,ITFLRVLSI,9,100.69316688518045,22.542392121524305,5.407543229455809,18.45015419179473,0.57373637240678,0.7120645590945448,0.8440083679351821,0.7305792548512149,0.5492601
HLA-A3201,ITLWQRPIV,9,77803.6551039804,3622.429984166984,9204.495717531712,4246.19563946313,-0.0408664016767044,0.2425999747357614,0.1564108737995386,0.2279159056873678,0.41086897
HLA-A3201,ITLWQRPLV,9,77803.6551039804,4602.565735813563,6934.258060165695,4623.810213992603,-0.0408664016767044,0.220467464865719,0.1825868229727618,0.2200418396759105,0.42189685
HLA-A3201,ITNELNYVL,9,74.6448758410067,57.41164622073277,243.78108183687525,92.89663867799368,0.6014020097443329,0.6256626455634179,0.4920163359635466,0.5811848132284289,0.50510436
HLA-A3201,ITPMLRHTI,9,13867.558288718868,167.88040181225605,841.3951416451947,193.1968317016924,0.1185302319065816,0.5264919763380357,0.3775231599050582,0.5135104080488762,0.36370188
HLA-A3201,ITPMMRHTI,9,12105.981335504828,137.72094688939472,778.0365510398041,170.60823890031227,0.1310861750059324,0.5447938594998014,0.3847587881318027,0.525002288173706,0.36623976
HLA-A3201,ITQFETYQL,9,1636.8165214278083,587.4893525297763,94.84184633008968,95.49925860214358,0.3160203199777289,0.4107219247101218,0.5792694998742907,0.5786310620895778,0.22882932
HLA-A3201,IVLPEKDSW,9,3443.4993076333844,11350.108156723143,5407.5432294558095,653.1305526474723,0.247281851823655,0.1370449276632517,0.2055705832224212,0.400932545344526,0.09250877
HLA-A3201,IWGRKSWPIN,10,5482.769649208536,26181.830082189863,39264.493539959934,778.0365510398041,0.2042937076529958,0.0597939557130074,0.022338939009859,0.3847587881318027,0.1382186
HLA-A3201,IYQEPFKNLK,10,69984.19960022731,27861.211686297724,16749.42876026438,2432204.009073816,-0.0310770223111087,0.0540480156505925,0.1010795991244326,-0.3590212310585636,0.03168085
HLA-A3201,KAADVRWEDQ,10,8912.509381337459,23604.78233180578,29444.21633798757,203.7042077705719,0.1593902501281981,0.0693705224836989,0.0489405133728907,0.5086157183660784,0.12687416
HLA-A3201,KAADVTWEEE,10,33113.112148259075,18967.05921211148,28707.80582024692,126.76518658578462,0.0380870710327737,0.0895877189996029,0.0512814519168373,0.5524551129163546,0.100118004
HLA-A3201,KAAFDLSHFL,10,69984.19960022731,12246.16199265049,690.239803840242,20511.621788255667,-0.0310770223111087,0.1300221120314112,0.395825043066824,0.0823520907728583,0.03223535
HLA-A3201,KAALDLSHFL,10,54827.69649208536,17218.685749860095,1811.3400926196025,20941.12455850896,-0.0085188872512578,0.0985258479855815,0.3066565658019418,0.08043677741872,0.1467326
HLA-A3201,KAAVDLSHFL,10,69984.19960022731,16710.90614310707,2722.701308077913,20892.96130854041,-0.0310770223111087,0.101292411719337,0.2689887365038889,0.0806495900136243,0.13009603
HLA-A3201,KAGQYVTIW,9,122.4616199265049,845.27884516029,1853.5316234148124,568.8529308438414,0.5556473018399184,0.3770975347152496,0.3045284398528991,0.4137013010387813,0.5948864
HLA-A3201,KALKINWYKK,10,8053.784411990669,11748.975549395303,2094.1124558508936,598.4115950603192,0.1687540043039853,0.1338527387396877,0.2932493723229737,0.4090194239508877,0.21566582
HLA-A3201,KALKLSWFKK,10,9289.663867799363,15958.791472367337,2716.439268839081,632.4118513762197,0.1555596234199217,0.1055486636174219,0.2692015490987931,0.4039119216731855,0.24938008
HLA-A3201,KAYAQMWSL,9,24.888573182823905,140.92887984218748,11.220184543019636,197.696964011186,0.702913617513662,0.542665733550759,0.7765467753505337,0.5113822820998337,0.64543915
HLA-A3201,KEISNMLSI,9,6367.955209079156,82.03515443298186,1770.108958317422,69.98419960022734,0.1904608889842193,0.5926766933532586,0.3087846917509842,0.6073607624016522,0.82411003
HLA-A3201,KEKGGLDGL,9,77803.6551039804,15275.660582380731,36140.98626396131,1790.605854035295,-0.0408664016767044,0.1095921029206028,0.030000192426412,0.307720628776463,0.044958998
HLA-A3201,KEKGGLEGL,9,77803.6551039804,12050.359403717986,31332.85724315589,1135.0108156723154,-0.0408664016767044,0.1315118001957409,0.0431945733104757,0.3498575225675051,0.06567123
HLA-A3201,KEKGGLEGM,9,77803.6551039804,19230.917289101577,31768.74070649769,2018.3663636815616,-0.0408664016767044,0.0883108434301775,0.0419176977410502,0.2966543738414418,0.08372709
HLA-A3201,KFNPMKTYI,9,27797.132677592883,570.1642722807478,903.6494737223024,1261.8275345906718,0.0542608282454969,0.413488488443877,0.3709259694630262,0.3400681432019095,0.21925363
HLA-A3201,KFYGPFVDR,9,2269.864851883824,2535.128630497907,731.1390834834173,1940.88587759278,0.2858009315013248,0.2755859269459207,0.3905047281942176,0.300272187954814,0.23308721
HLA-A3201,KGAVDLSHFL,10,69984.19960022731,23173.9464996848,5248.074602497728,22080.04733018897,-0.0310770223111087,0.0710730232429329,0.2083371469561765,0.0755420877359224,0.11433374
HLA-A3201,KGEDGCWYGM,10,1883.6490894898,20090.92812608728,12764.388088113436,130.016957803329,0.3030387516885694,0.0842674041269967,0.1261914853231347,0.5501141743724078,0.1962429
HLA-A3201,KGSRAIWYMW,10,70.30723198838334,14996.84835502374,653.1305526474723,1086.4256236170656,0.6069351372118436,0.1112946036798369,0.400932545344526,0.353900961870686,0.5565557
HLA-A3201,KIRLRPGGK,9,77803.6551039804,24774.22057633286,27669.41645411513,24210.290467361752,-0.0408664016767044,0.0649014579907095,0.0546864534353054,0.0670295839397522,0.03209767
HLA-A3201,KITGNLVQI,9,2716.439268839081,37.497300224548354,14.321878992735432,27.10191631890843,0.2692015490987931,0.6650329756207047,0.7539886402906828,0.6950395515022045,0.33801314
HLA-A3201,KLALITVSG,9,82.98507675144225,95.2796164023652,431.519076827765,16.255487557504836,0.5916126303787372,0.5788438746844821,0.4392388124272918,0.7422839475709488,0.5065436
HLA-A3201,KLFMALVAF,9,37.84425847170934,6.501296903430906,4.775292736576909,1.757923613958693,0.6641817252410878,0.8269833603428418,0.8555002480600118,0.947860914248458,0.75563014
HLA-A3201,KLGYILRDI,9,1857.804455091697,36.30780547701014,133.3521432163324,25.70395782768864,0.304315627257995,0.6680123519493644,0.547773235828461,0.6999342411850025,0.3121809
HLA-A3201,KLITQFETY,9,202.3019178678272,74.30191378967014,68.54882264526613,103.5142166679344,0.5092541561507912,0.6018276349341415,0.6092760757557905,0.571182621267929,0.516566
HLA-A3201,KLMKITAEW,9,3.2284941217126355,15.45254439538414,13.427649611378635,9.594006315159332,0.8916783891937349,0.7469658246588424,0.759947392948002,0.791018031804023,0.8266839
HLA-A3201,KLMSGKDVF,9,508.159442560561,96.8277856261249,78.16278045883297,31.6956746304349,0.4241291181890896,0.5773541865201524,0.5971457578462479,0.6805682950487153,0.20197621
HLA-A3201,KLSMGLITI,9,19.860949173573715,31.117163371060183,5.495408738576246,33.265955329400434,0.7237692518142789,0.6822707958079494,0.8425186797708524,0.6760992305557261,0.9240513
HLA-A3201,KLVMAFIAF,9,1188.502227437019,110.40786199020737,21.428906011200585,66.22165037017619,0.3456012706694201,0.5652238686106099,0.7167464361824385,0.6124682646793542,0.5574243
HLA-A3201,KMFESTYRG,9,907.820530178186,39.902490236214206,123.31048332289085,12.44514611771385,0.3705003442732177,0.65928703555829,0.5550088640552058,0.7669702085798423,0.3410398
HLA-A3201,KNFAGPVSQ,9,44874.53899331323,677.6415076106757,17060.823890031243,67.60829753919819,0.0099958085054121,0.3975275438260579,0.0993770983651987,0.6105529513252159,0.0633132
HLA-A3201,KQIQKVETW,9,49.54501908047903,73.79042301291011,86.8960429286302,28.379190284415568,0.63928265163729,0.6024660727188542,0.5873563784806523,0.6907832996041194,0.63017523
HLA-A3201,KQIQRVETW,9,21.134890398366466,70.6317554262962,49.09078761526029,30.83187950249355,0.718023311751864,0.6065095120220351,0.6401339020169072,0.6831220461875663,0.6624527
HLA-A3201,KQWFLDLPL,9,13.33521432163324,37.23917062545685,32.50872973854342,29.648313895243422,0.7605858307327147,0.6656714134054176,0.6782273565047685,0.6867398603009387,0.82481325
HLA-A3201,KRWIILGLNK,10,53088.4444230988,21330.44913146575,15922.0872705117,237137.3705661656,-0.0055395109225981,0.0787342766594861,0.1057614762123263,-0.1438676976103632,0.037003897
HLA-A3201,KRWIIMGLNK,10,69984.19960022731,21281.390459827133,16634.126503701696,231206.4790175594,-0.0310770223111087,0.0789470892543903,0.1017180369091454,-0.1415267590664164,0.03685558
HLA-A3201,KSINKVYGK,9,2517.676927758857,1559.552502826954,374.97300224548337,420.72662838444376,0.2762243647306334,0.3204893844707182,0.4522203807164512,0.4415797509712386,0.06972236
HLA-A3201,KSWGKAKII,9,47.424198526024455,57.279603098582925,17.82378767448089,224.3881923782766,0.643326090940471,0.6258754581583221,0.7337714437747788,0.4996775893800997,0.6134308
HLA-A3201,KSWLVHKQW,9,16.982436524617444,543.250331492433,190.10782799233,201.3724249862389,0.7382405082677681,0.4179575529368664,0.515000096213206,0.5096797813405995,0.74868786
HLA-A3201,KSWPINEGI,9,176.6037820686164,24.60367604147628,11.641260294104908,19.01078279923301,0.5218100992501422,0.7039776804881832,0.7731417738320656,0.7278126911174596,0.4786804
HLA-A3201,KSWPLNEGI,9,341.1929116219285,39.902490236214206,12.246161992650489,34.119291162192866,0.4609456971075256,0.65928703555829,0.768459896744172,0.6737582920117792,0.43235114
HLA-A3201,KSYAQMWQLM,10,89.94975815300351,5584.701947368307,34.43499307633384,1318.2567385564075,0.5841641895570884,0.2025912068937617,0.6729070416321622,0.3360247038987287,0.4984726
HLA-A3201,KSYAQMWSL,9,6.309573444801933,59.02010801718442,4.405548635065533,59.97910762555095,0.8297499240765971,0.6231088944245669,0.8629486888816607,0.621619206260237,0.8182545
HLA-A3201,KSYAQMWTL,9,16.405897731995395,33.65115693754907,3.1332857243155856,38.815036599064825,0.7414326971913319,0.6750351675812047,0.8944449529274903,0.661840786697141,0.79008085
HLA-A3201,KTALLIVSG,9,6839.116472814293,299.2264636608189,232.27367963571075,71.28530301265198,0.1838636985421874,0.4730760150170681,0.4964854004565359,0.605658261642418,0.62337816
HLA-A3201,KTFDTEYPK,9,2798.981319634363,95.0604793656282,276.0577856220345,34.43499307633384,0.2664349853650377,0.5790566872793863,0.4805244558387169,0.6729070416321622,0.22516045
HLA-A3201,KTFDTEYQK,9,7726.805850957021,510.50499997540646,567.5446054085465,79.61593504173187,0.1725846310122619,0.4237034929992812,0.4139141136336857,0.5954432570870138,0.21019915
HLA-A3201,KTHVSSWEEV,10,6698.846094165266,6902.398038402419,3767.037989839089,134.58603540559483,0.1857790118963256,0.1830124481625703,0.238982160622389,0.5469219854488441,0.39664987
HLA-A3201,KTKDYVNGL,9,535.7966575133412,1013.91138573668,809.0958991783822,354.8133892335753,0.419234428506292,0.3602853397178136,0.3811409740184305,0.4573278829941533,0.5195993
HLA-A3201,KTKLNDWDFV,10,18535.316234148104,20749.13517454911,4634.469197362884,174.98466886246584,0.0917158449486456,0.0812880277983371,0.2198290270810061,0.5226613496297591,0.24415895
HLA-A3201,KTKLTDWDFV,10,15667.5107010815,20606.299132700005,5714.786366718666,153.81546403030342,0.107251164376656,0.0819264655830499,0.2004630809447192,0.5345788549443974,0.27327028
HLA-A3201,KTKRILPSI,9,125.025903021772,70.79457843841381,25.76321157002576,66.83439175686145,0.5537319884857802,0.6062966994271308,0.6997214285900981,0.6116170142997371,0.631183
HLA-A3201,KTMAMALSI,9,9.772372209558108,4.8528850016212095,2.1777097723531584,2.9853826189179595,0.7893155310447889,0.854010559895682,0.9280693429223624,0.8989140174204795,0.8034481
HLA-A3201,KTMAMVLSI,9,3.372873086588689,4.645152752227495,1.8281002161427429,1.9543394557753948,0.887634949890554,0.8580539991988628,0.9442431001350856,0.9380715348828622,0.8345985
HLA-A3201,KTPVESWEEI,10,1618.0800376430643,4178.303666466222,2494.594726942953,218.7761623949552,0.3170843829522503,0.2294055938516975,0.2770756151102505,0.5020185279240466,0.29651377
HLA-A3201,KTPVESWEEV,10,1629.2960326397215,10447.202192208004,12647.363474711525,226.464430759306,0.3164459451675374,0.1447061810798047,0.1270427357027516,0.4988263390004828,0.23991236
HLA-A3201,KTQAIDGEF,9,639.7348354826482,338.8441561392024,104.71285480508996,82.98507675144225,0.4028478586986643,0.4615841348922384,0.5701185582934076,0.5916126303787372,0.12526445
HLA-A3201,KTRKYLPAI,9,105.19618738232224,134.58603540559483,98.4011105761134,285.75905433749466,0.5696929331035993,0.5469219854488441,0.5758644983558225,0.4773322669151532,0.45863923
HLA-A3201,KTRRYLPAI,9,89.94975815300351,193.6421963946607,106.41430182243153,234.96328208483072,0.5841641895570884,0.513297595453972,0.568628870129078,0.4954213374820146,0.5169905
HLA-A3201,KTTAKEVAL,9,21134.890398366475,47.424198526024455,169.82436524617444,63.82634861905486,0.079585527039103,0.643326090940471,0.5254279133635145,0.6158732661978222,0.28473178
HLA-A3201,KTTWLPVLL,9,148.93610777109154,20.989398836235235,45.18559443749224,52.84452517751805,0.5375582312730569,0.7186617495365768,0.6477951554334602,0.633323898979971,0.58852744
HLA-A3201,KTVWFVPSI,9,6.698846094165264,8.770008211436346,4.246195639463129,15.417004529495593,0.8242167966090865,0.7993177230052888,0.8663536904001288,0.7471786372537468,0.76967514
HLA-A3201,KTWAYHGSY,9,5.069907082747043,130.016957803329,32.28494121712636,139.95873225726177,0.8499671205925012,0.5501141743724078,0.6788657942894814,0.5433041713354718,1.1312298
HLA-A3201,KTWGKAKIF,9,60.39486293763797,13.583134465871542,8.770008211436346,76.73614893618189,0.6209807684755244,0.7588833299734806,0.7993177230052888,0.598848258605482,0.6753752
HLA-A3201,KTWGKAKIL,9,125.89254117941675,45.08167045414603,25.585858869056462,287.0780582024692,0.5530935507010675,0.6480079680283646,0.700359866374811,0.4769066417253446,0.57330716
HLA-A3201,KTWGKAKIV,9,1264.736347471151,88.92011178579486,157.03628043335516,550.8076964054036,0.3398553306070053,0.5852282525316097,0.5326635415902592,0.4166806773674408,0.5270569
HLA-A3201,KTWGKAKML,9,39.26449353995999,78.52356346100719,12.735030810166617,469.8941086052151,0.6607767237226196,0.5967201326564394,0.7648420826307998,0.4313647464158344,0.5153696
HLA-A3201,KTWLVHKQW,9,22.542392121524305,112.71974561755106,87.29713683881113,80.16780633876793,0.7120645590945448,0.5633085552564716,0.5869307532908438,0.5948048193023011,0.77101946
HLA-A3201,KVFPYALINK,10,5623.413251903491,5046.612975635287,690.239803840242,7014.552984199714,0.2019527691090489,0.2119549610695488,0.395825043066824,0.1815227599982406,0.024708997
HLA-A3201,KVMEITAEW,9,14.387985782558452,15.240527537972914,20.65380155810529,8.31763771102671,0.7535630151008743,0.7482427002282679,0.7201514377009065,0.8042124126880866,0.78623223
HLA-A3201,KVMGITAEW,9,13.182567385564074,10.665961212302578,13.001695780332906,7.32824533138904,0.7616498937072359,0.7812286524384273,0.7629267692766615,0.8159171054078207,0.70510995
HLA-A3201,KYKLKHIVW,9,1538.154640303034,12618.275345906706,14927.944095789944,4285.485203974392,0.3217662600401437,0.1272555482976559,0.1117202288696455,0.227064655307751,0.3744751
HLA-A3201,KYQLKHIVW,9,224.90546058357805,7998.342550070284,5046.612975635287,2192.80493535045,0.4994647767851955,0.1693924420886982,0.2119549610695488,0.2889931204248886,0.3834298
HLA-A3201,KYRLKHIVW,9,5176.068319505676,12050.359403717986,10568.175092136586,5520.774392807573,0.2096140225256021,0.1315118001957409,0.1436421181052835,0.2036552698682829,0.31931314
HLA-A3201,KYTDRKWCFD,10,39994.47497610978,26977.394324449207,37411.058827205365,311.88895840939387,0.0206364382506247,0.0570273919792522,0.0268080035028481,0.4692453883087915,0.16459128
HLA-A3201,LEFFMMVLL,9,2046.444636724676,952.7961640236512,13182.567385564074,462.3810213992604,0.2953774982720162,0.3660312797802285,0.1232121089944751,0.4328544345801641,0.1342148
HLA-A3201,LFSGVSWVMK,10,10162.486928706949,24660.39337234336,5929.2532458,1462.1771744567184,0.1472599322186558,0.0653270831805182,0.1970580794262511,0.3264481371280373,0.14985889
HLA-A3201,LFVWYFWQKK,10,16368.165214278068,22080.04733018897,12531.411749414156,501.18723362727246,0.1032077250734754,0.0755420877359224,0.1278939860823686,0.4254059937585152,0.17373212
HLA-A3201,LGEDGCWYGM,10,55080.76964054041,22029.26463053456,34914.03154785863,151.0080154164149,-0.0089445124410665,0.0757549003308265,0.0331923813499758,0.5362813557036313,0.17410108
HLA-A3201,LLLITHYAI,9,165.19617982290148,108.89300933334331,672.9766562843182,73.2824533138904,0.5279816645023655,0.5665007441800354,0.3981659816107707,0.6031045105035671,0.6464538
HLA-A3201,LLLVTHYAI,9,41.59106104940221,88.71560120379613,352.3708710424869,62.37348354824192,0.6554564088500134,0.585441065126514,0.4579663207788661,0.6180013921468648,0.6319186
HLA-A3201,LLMRTTWAF,9,1.6904409316432645,72.77798045368239,26.546055619755403,44.56562483975033,0.95147872836183,0.6037429482882798,0.6969548648563428,0.6490720310028858,0.5463022
HLA-A3201,LLMRTTWAFC,10,123.59474334445108,15995.580286146678,15417.004529495583,172.1868574986006,0.5547960514603014,0.1053358510225178,0.1087408525409859,0.524151037794089,0.56057674
HLA-A3201,LLVWHTWQKQ,10,23334.580622810045,20276.8271952128,25292.979964461472,659.1738952443212,0.0704345854582201,0.0834161537473797,0.0629861446365712,0.4000812949649091,0.15207216
HLA-A3201,LMLVAHYAI,9,5.5718574893192985,94.6237161365793,568.8529308438414,59.15616341754737,0.8412418042014268,0.5794823124691948,0.4137013010387813,0.6228960818296627,0.6543886
HLA-A3201,LSLDYAWKTM,10,13835.66378971781,11246.049739669268,4149.540426343632,38.63669770540692,0.1187430445014857,0.1378961780428685,0.2300440316364104,0.6622664118869495,0.60134864
HLA-A3201,LSLDYAWKTT,10,122.1799660164871,15135.612484362073,23280.91257665008,40.0866717627303,0.5558601144348227,0.1104433533002199,0.0706473980531244,0.6588614103684813,0.42739144
HLA-A3201,LSPRTLNAW,9,7744.617978025183,15667.5107010815,16788.040181225588,6251.726927756862,0.1723718184173577,0.107251164376656,0.1008667865295285,0.1921633897434532,0.41930297
HLA-A3201,LTARATWATN,10,44463.12674691084,17988.709151287872,16826.740610704674,77.26805850957025,0.0108470588850292,0.0944824086824008,0.1006539739346242,0.5982098208207691,0.03246976
HLA-A3201,LTEPPTLAY,9,35075.18739525679,1233.1048332289097,9332.543007969914,1377.2094688939458,0.0327667561601673,0.342196269150952,0.1551339982301131,0.331981264595548,0.1442067
HLA-A3201,LTGYGTVTM,9,15488.166189124828,82.41381150130022,321.36605386403147,125.60299636948754,0.1083152273511772,0.5922510681634501,0.4664788245750363,0.5533063632959716,0.15418866
HLA-A3201,LTLTVAWRTA,10,1815.515662773135,13963.683610559365,7261.0595743515505,57.94286964268812,0.3064437532070375,0.1178917941218689,0.1783305710746767,0.6248113951838008,0.20393896
HLA-A3201,MAMTDTTPF,9,242.10290467361776,62.37348354824192,309.7419299216581,68.86522963442762,0.4926547737482594,0.6180013921468648,0.4698838260935042,0.6088504505659819,0.43287048
HLA-A3201,MAMTTTLSI,9,584.7900841444806,33.265955329400434,29.24152377843336,119.67405313072445,0.4111475498999303,0.6760992305557261,0.6880167358703642,0.5577754277889609,0.57848006
HLA-A3201,MEHKYSWKSW,10,2041.7379446695293,8669.61875758217,31915.378551007583,64.26877173170197,0.2955903108669205,0.1619440012670492,0.0414920725512418,0.6152348284131095,0.28605393
HLA-A3201,MELKYSWKTW,10,805.3784411990669,4988.844874600121,19860.94917357372,36.22429984166988,0.381566599208239,0.2130190240440701,0.0853314671015179,0.6682251645442685,0.3761336
HLA-A3201,MEVTARWLWG,10,3723.917062545687,24434.305526939712,44874.53899331323,186.2087136662868,0.2400462235969103,0.0661783335601351,0.0099958085054121,0.5169154095673443,0.29355285
HLA-A3201,MFGGVSWMIR,10,1432.187899273544,21677.041048196963,1690.440931643265,539.5106225151274,0.3283634504821755,0.0772445884951562,0.3130409436490693,0.4185959907215791,0.34773567
HLA-A3201,MFGGVSWMVR,10,952.7961640236512,21478.30474130533,1892.343618644974,198.60949173573715,0.3660312797802285,0.0780958388747733,0.3026131264987609,0.5109566569100252,0.35296205
HLA-A3201,MFTNRSGSQ,9,77803.6551039804,25644.84036517716,37670.37989839093,35974.93351557424,-0.0408664016767044,0.0617092690671459,0.0261695657181353,0.0304258176162205,0.023399014
HLA-A3201,MFTTNIWMKF,10,2660.7250597988086,9418.895965228408,2964.8313895243423,1367.7288255958497,0.2711168624529314,0.1542827478504962,0.2611146704924314,0.3326197023802606,0.24047428
HLA-A3201,MGCVVSWSGR,10,31550.04623374624,25527.013026612472,10115.794542598982,136.14446824659495,0.042556135525763,0.0621348942569542,0.1476855574084643,0.5458579224743227,0.11404912
HLA-A3201,MGEDGCWYGM,10,36475.3946925608,20558.90595984141,27989.813196343628,139.31568029453035,0.0291489420467949,0.0821392781779541,0.0536223904607842,0.5437297965252803,0.23679718
HLA-A3201,MGLDKGWPIS,10,10092.528860766834,25292.979964461472,32062.69324505468,496.5923214503362,0.1478983700033685,0.0629861446365712,0.0410664473614331,0.4262572441381322,0.037623968
HLA-A3201,MIAGVFFTF,9,1.999861869632744,13.24341535194665,6.237348354824193,62.23002851691595,0.9359434089338196,0.7612242685174274,0.8308139870511184,0.618214204741769,0.799914
HLA-A3201,MIAGVLFTF,9,1.8879913490962936,16.106456351782708,5.741164622073276,54.0754322945581,0.941263723806426,0.7431351979505658,0.8384752404676715,0.6311957730309284,0.68383133
HLA-A3201,MILPAALAF,9,29.58012466551545,78.16278045883297,179.06058540352947,67.14288529259522,0.6869526728958429,0.5971457578462479,0.5205332236807165,0.6111913891099287,0.81401277
HLA-A3201,MLIPTVMAF,9,45.60369159512962,44.25883723626264,17.906058540352937,87.29713683881113,0.6469439050538432,0.6497104687875985,0.7333458185849702,0.5869307532908438,0.5169084
HLA-A3201,MLLPTALAF,9,7.906786279998252,36.30780547701014,47.31512589614805,43.752210515825205,0.8088942897759802,0.6680123519493644,0.6435389035353751,0.6507745317621199,0.7374996
HLA-A3201,MLMTGTLAV,9,502.34258952238713,46.55860935229591,1028.0162981264734,82.41381150130022,0.4251931811636109,0.645028591699705,0.3590084641483881,0.5922510681634501,0.42444786
HLA-A3201,MLWMADVPL,9,29.10717118066605,165.57699634695277,55.71857489319299,61.94410750767812,0.6884423610601726,0.5277688519074613,0.6284292092971733,0.6186398299315776,0.6899603
HLA-A3201,MMLKLLTDF,9,56.75446054085472,198.1527025805097,2187.761623949552,87.70008211436348,0.6267267085379391,0.5111694695049296,0.2892059330197929,0.5865051281010352,0.84675854
HLA-A3201,MMLKLLTEF,9,1.5488166189124817,91.83325964835812,338.0648362059815,80.35261221856173,0.9595656069681918,0.5822488762029501,0.4617969474871426,0.5945920067073969,1.031019
HLA-A3201,MMLPATLAF,9,6.652731562017413,19.543394557753945,21.527817347243737,20.558905959841425,0.8248552343937993,0.7252589399786086,0.7163208109926299,0.720577062890715,0.7970393
HLA-A3201,MPLVMAWRTI,10,136.77288255958496,10914.40336448757,6576.578373554205,52.966344389165776,0.5454322972845143,0.1406627417766238,0.1874815126555596,0.6331110863850669,0.55931246
HLA-A3201,MSLVMAWRTI,10,88.92011178579486,3273.406948788383,56.75446054085472,52.601726639070606,0.5852282525316097,0.2519637289115485,0.6267267085379391,0.6337495241697796,0.655591
HLA-A3201,MTAGIFLFF,9,9.204495717531715,63.97348354826482,14.060475241299136,242.10290467361776,0.7948486585122995,0.615660453602918,0.7556911410499169,0.4926547737482594,0.8229159
HLA-A3201,MTLGMCCII,9,2600.159563165272,57.016427228074754,42.95364267648873,99.08319448927676,0.2732449884019738,0.6263010833481306,0.6524770325213538,0.5752260605711098,0.29724094
HLA-A3201,MTLWYMWQVK,10,928.9663867799364,10000.0,1573.9828644662198,71.94489780036994,0.3683722183241753,0.1487496203829855,0.3196381340911012,0.604807011262801,0.36941776
HLA-A3201,MVLSIVSLF,9,190.54607179632464,186.2087136662868,53.4564359396972,111.68632477805612,0.5147872836183018,0.5169154095673443,0.6322598360054497,0.5641598056360886,0.552787
HLA-A3201,MVMTTTANW,9,26.30267991895381,287.0780582024692,494.3106869868354,184.92686189780773,0.6978061152359598,0.4769066417253446,0.4266828693279407,0.5175538473520571,0.56385905
HLA-A3201,NALKINWYKK,10,2137.9620895022326,20230.19178678272,9440.608762859236,724.4359600749899,0.2913340589688354,0.0836289663422839,0.1540699352555918,0.3913559785738346,0.21025836
HLA-A3201,NDLKYSWKTW,10,8892.011178579482,11481.536214968815,23988.32919019489,42.4619563946313,0.1596030627231025,0.1359808646887303,0.0678808343193692,0.6535410954958751,0.2735198
HLA-A3201,NRSGSQQWR,9,77803.6551039804,31332.85724315589,44668.359215096345,17988709.151287872,-0.0408664016767044,0.0431945733104757,0.0104214336952206,-0.5439553760303599,0.17777203
HLA-A3201,NTATTVLLDE,10,69984.19960022731,19498.445997580457,41399.96748197304,11015.393095414143,-0.0310770223111087,0.087033967860752,0.0174442493270611,0.1398114913970068,0.0625889
HLA-A3201,NTQGYFPDWQ,10,69984.19960022731,21428.906011200605,35481.33892335753,26607.250597988084,-0.0310770223111087,0.0783086514696774,0.0317026931856461,0.0583042675486777,0.1648409
HLA-A3201,NVFHTMWHVT,10,6966.265141107687,11534.53257821093,22750.97430772072,127.0574105208542,0.1821611977829533,0.1355552394989218,0.0727755240021669,0.5522423003214504,0.23375764
HLA-A3201,NYADRKWCFD,10,1527.5660582380715,27669.41645411513,41783.03666466222,297.8516429429191,0.3224046978248566,0.0546864534353054,0.0165929989474439,0.4735016402068766,0.18752553
HLA-A3201,NYADRRWCFD,10,52360.04365857496,27227.0130807791,39902.4902362142,286.417796990658,-0.0042626353531727,0.0561761415996353,0.0208492508455291,0.4771194543202489,0.2006579
HLA-A3201,PATLFVWYFW,10,15523.870099580816,14893.610777109154,20044.7202736516,116.41260294104907,0.1081024147562731,0.1119330414645496,0.084480216721901,0.5603291789278121,0.163742
HLA-A3201,PATLLVWHTW,10,3672.8230049808462,16255.48755750485,17579.23613958693,143.5489433353656,0.2413230991663358,0.1038461628581879,0.0966105346314434,0.540963232791525,0.29431286
HLA-A3201,PIQKETWDTW,10,40364.539296760486,16180.800376430643,10814.339512979375,194.98445997580453,0.0197851878710079,0.1042717880479966,0.1415139921562409,0.5126591576692592,0.13570881
HLA-A3201,PIQKETWETW,10,22750.97430772072,13899.526312133528,8375.292821268826,190.54607179632464,0.0727755240021669,0.1183174193116772,0.1651361901906131,0.5147872836183018,0.14890218
HLA-A3201,PITAAAWYLW,10,1682.674061070469,16443.717232149324,18030.1774085957,1018.5913880541168,0.3134665688388778,0.1027820998836667,0.0942695960874965,0.3598597145280051,0.30768955
HLA-A3201,PNERRAWNFL,10,25351.286304979072,27669.41645411513,43651.58322401656,319.88951096913974,0.0627733320416671,0.0546864534353054,0.0125495596442632,0.4669044497648447,0.17225379
HLA-A3201,PNERRAWNSL,10,1309.181922999407,24434.305526939712,44157.044735331205,182.81002161427423,0.3366631416834414,0.0661783335601351,0.011485496669742,0.5186179103265783,0.14569078
HLA-A3201,PNTNRAWNSL,10,1563.1476426409538,22029.26463053456,43451.022417157146,214.28906011200584,0.3202765718758139,0.0757549003308265,0.0129751848340717,0.5039338412781849,0.13120827
HLA-A3201,PSSAQTFFY,9,34673.685045253165,17218.685749860095,17258.37891990204,32734.0694878838,0.0338308191346885,0.0985258479855815,0.0983130353906773,0.0391511340072949,0.037838187
HLA-A3201,QILLMRTTW,9,22.029264630534573,465.5860935229591,952.7961640236512,166.34126503701697,0.7141926850435873,0.4322159967954513,0.3660312797802285,0.5273432267176528,0.6431767
HLA-A3201,QIMEVTAKW,9,66.52731562017416,131.5224832192239,1238.796586530369,265.4605561975539,0.6120426394895456,0.5490501113978865,0.3417706439611435,0.4841422699520893,0.6546933
HLA-A3201,QIMEVTARW,9,56.36376558259543,118.85022274370188,1078.9467222298283,209.41124558508915,0.627365146322652,0.5584138655736737,0.3545393996553988,0.5060619672272274,0.6699313
HLA-A3201,QIYAGIKVK,9,47315.12589614803,16330.519478943346,18836.49089489802,32062.69324505468,0.0051011188226144,0.1034205376683795,0.0902261567843157,0.0410664473614331,0.029988565
HLA-A3201,QIYAGIKVR,9,14190.575216890926,16218.1009735893,8298.507675144218,51522.864458175616,0.1164021059575389,0.1040589754530922,0.1659874405702301,-0.0027729471888429,0.07540642
HLA-A3201,QLIYVILTI,9,3655.9479161312506,12.050359403717971,25.176769277588555,47.643098680541584,0.2417487243561443,0.7699495849085018,0.7018495545391407,0.6429004657506624,0.5183769
HLA-A3201,QLLLMRTSW,9,10.471285480508996,712.8530301265198,1004.6157902783948,168.26740610704672,0.7829311531976613,0.3928456667381643,0.3611365900974307,0.5262791637431314,0.68578506
HLA-A3201,QLLLMRTTW,9,19.408858775927783,386.36697705406897,474.2419852602448,108.89300933334331,0.7258973777633213,0.4494538169826959,0.4305134960362172,0.5665007441800354,0.6478492
HLA-A3201,QRAWNIWEVE,10,7638.357835776907,25644.84036517716,45289.75799036214,256.44840365177186,0.1736486939867831,0.0617092690671459,0.009144558125795,0.4873344588756529,0.41735247
HLA-A3201,QVFGSVYTT,9,8260.379495771784,42.26686142656028,4405.54863506553,98.8553094656939,0.1664130657600386,0.6539667206856836,0.2245109041688998,0.575438873166014,0.37248048
HLA-A3201,QVLMMRTTW,9,73.6207097494736,310.45595881283555,1054.3868963912591,148.2518085145953,0.6026788853137586,0.4696710134985999,0.3566675256044412,0.5379838564628654,0.70989186
HLA-A3201,QVPLRPMTFK,10,69984.19960022731,26915.34803926913,29107.17118066602,10495.42428652322,-0.0310770223111087,0.0572402045741565,0.0500045763474119,0.1442805558899962,0.059106365
HLA-A3201,QVPLRPMTSK,10,69984.19960022731,23067.471887200714,29040.22654464452,5984.115950603193,-0.0310770223111087,0.0714986484327413,0.050217388942316,0.1962068290466342,-0.010582484
HLA-A3201,QVPLRPMTYK,10,69984.19960022731,26546.055619755363,27605.778562203446,8570.378452303701,-0.0310770223111087,0.0585170801435821,0.0548992660302097,0.1630080642415704,0.028284524
HLA-A3201,QYSDRRWCFD,10,53579.66575133417,28054.33637951716,42072.662838444376,407.3802778041126,-0.0063907613022153,0.0534095778658798,0.0159545611627314,0.4445591272998981,0.18789268
HLA-A3201,RAIWYMWLGA,10,1475.7065332758932,10399.20165829058,2238.72113856834,35.48133892335755,0.3255968867484203,0.1451318062696133,0.2870778070707503,0.6701404778984069,0.32772535
HLA-A3201,RGEDGCWYGM,10,11091.748152624008,20044.7202736516,13963.683610559365,135.20725631942764,0.1391730536122941,0.084480216721901,0.1178917941218689,0.5464963602590356,0.17609058
HLA-A3201,RGPYRAFVTI,10,14689.262776438662,2133.044913146576,336.51156937549047,2432.204009073816,0.1132099170339752,0.2915468715637398,0.4622225726769512,0.2794165536541972,0.02968444
HLA-A3201,RIKGMSYTM,9,37.497300224548354,15.45254439538414,22.90867652767773,14.060475241299136,0.6650329756207047,0.7469658246588424,0.7105748709302151,0.7556911410499169,0.44931212
HLA-A3201,RILHNFAYSL,10,4.120975190973302,487.5284901033865,14.454397707459272,33189.44575526103,0.869120254133884,0.4279597448973662,0.7531373899110658,0.0378742584378694,0.9058312
HLA-A3201,RISGVDRYY,9,2660.7250597988086,2197.8598727848253,1145.5129414455348,2685.344445658506,0.2711168624529314,0.2887803078299844,0.3490062721878882,0.2702656120733144,0.13504875
HLA-A3201,RIYSDPLAL,9,14092.887984218749,20.044720273651603,55.207743928075736,22.13094709605637,0.1170405437422517,0.7229180014346619,0.6292804596767902,0.7137670598537789,0.55242586
HLA-A3201,RKDIQQWEPS,10,3881.5036599064815,25409.727055493066,44055.48635065535,215.77444091526667,0.2362155968886338,0.0625605194467627,0.0116983092646462,0.503295403493472,0.09487769
HLA-A3201,RLENVMWKQI,10,1845.0154191794736,2275.0974307720694,147.23125024327194,236.04782331805785,0.3049540650427077,0.2855881189064206,0.5386222942475781,0.4949957122922062,0.48968998
HLA-A3201,RLFMALVAF,9,4.120975190973302,6.426877173170196,5.035006087879049,1.233104833228909,0.869120254133884,0.8280474233173631,0.850605558377214,0.9806340538637128,0.6950774
HLA-A3201,RLGYILEDI,9,7177.942912713623,23.12064790175595,110.15393095414144,7.603262769401817,0.1793946340491979,0.7097236205505981,0.5654366812055142,0.8125121038893526,0.24100783
HLA-A3201,RLGYILEEI,9,1111.731727281592,14.825180851459535,18.57804455091699,6.966265141107686,0.3517728359216434,0.750796451367119,0.7299408170665022,0.8205989824957143,0.39706746
HLA-A3201,RLLLNRFTM,9,33.265955329400434,191.8668740670289,20.37042077705719,26.24218543384442,0.6760992305557261,0.514148845833589,0.721428313270332,0.6980189278308642,0.61868644
HLA-A3201,RLQSGVDVF,9,187.49945080674192,151.70503674593368,82.03515443298186,26.06153549998895,0.5162769717826314,0.5358557305138228,0.5926766933532586,0.6986573656155769,0.55785406
HLA-A3201,RMLINRFTM,9,95.7194071294844,100.46157902783946,25.468302525850405,32.13660538640317,0.5784182494946737,0.5739491850016842,0.7007854915646194,0.6792914194792898,0.60390294
HLA-A3201,RMLLNRFTM,9,19.408858775927783,109.14403364487572,18.87991349096293,24.717241450161303,0.7258973777633213,0.566287931585131,0.7284511289021725,0.7035520552983747,0.6598083
HLA-A3201,RMVLAFITF,9,8.974287945007484,56.88529308438413,23.71373705661655,24.378108183687512,0.7971895970562464,0.626513895943035,0.7073826820066513,0.7048289308678003,0.755191
HLA-A3201,RPMTFKAAV,9,77803.6551039804,1250.25903021772,14288.939585111037,1380.3842646028852,-0.0408664016767044,0.3409193935815265,0.1157636681728262,0.3317684520006436,-0.02058179
HLA-A3201,RPMTYKAAL,9,77803.6551039804,2494.594726942953,14927.944095789944,1492.794409578996,-0.0408664016767044,0.2770756151102505,0.1117202288696455,0.324532823773899,0.002325721
HLA-A3201,RPMTYKAAV,9,77803.6551039804,3198.895109691397,20276.8271952128,2864.17796990658,-0.0408664016767044,0.2540918548605911,0.0834161537473797,0.2643068594159953,-0.011366576
HLA-A3201,RQMEGEGIF,9,140.28137045619576,1386.755828871888,1339.6766874259345,103.5142166679344,0.5430913587405675,0.3313428268108351,0.334535015734399,0.571182621267929,0.47985265
HLA-A3201,RQMEGEGVF,9,429.53642676488727,1148.1536214968828,831.7637711026708,60.39486293763797,0.4396644376171003,0.3487934595929839,0.3785872228795794,0.6209807684755244,0.38100514
HLA-A3201,RQVEKVETW,9,79.61593504173187,208.4490883097289,72.77798045368239,29.785164294291896,0.5954432570870138,0.5064875924170359,0.6037429482882798,0.6863142351111302,0.49599218
HLA-A3201,RQWFFDLPL,9,1.1748975549395295,19.45360081622664,16.71090614310707,13.708817661648537,0.9851031183567024,0.7256845651684171,0.7397301964320979,0.7580320795938637,1.0438883
HLA-A3201,RQWFLDLPL,9,5.223961889991197,31.6956746304349,36.5594791613125,20.79696687103696,0.847200556858746,0.6805682950487153,0.6673739141646515,0.7195129999161938,0.7557207
HLA-A3201,RRAARAEYL,9,1713.9573075084252,9120.108393559096,22750.97430772072,20417.379446695275,0.3117640680796438,0.1572621241791557,0.0727755240021669,0.082777715962667,0.28091118
HLA-A3201,RSGAYVSAI,9,378.4425847170936,63.82634861905486,34.99451670283573,64.71426157485831,0.4513691303368341,0.6158732661978222,0.6714173534678325,0.6145963906283967,0.46400565
HLA-A3201,RSLIGNEEF,9,4655.860935229591,413.04750199016144,827.9421637123345,44.05548635065534,0.2194034018911976,0.4432822517304725,0.3790128480693879,0.650136093977407,0.14916658
HLA-A3201,RSTSLSVSL,9,100.92528860766843,27.73320104651841,55.71857489319299,30.902954325135905,0.5735235598118757,0.6929114255531621,0.6284292092971733,0.6829092335926621,0.5433954
HLA-A3201,RSWNSGYDW,9,54.32503314924333,305.49211132155125,219.7859872784825,41.49540426343631,0.63077014784112,0.4711607016629298,0.5015929027342381,0.6556692214449176,0.62923014
HLA-A3201,RSWNTGFDW,9,44.77133041763626,409.26065973001096,110.40786199020737,93.54056741475516,0.6486464058130772,0.4441335021100895,0.5652238686106099,0.5805463754437161,0.65302914
HLA-A3201,RSWPLNEAI,9,87.09635899560806,13.645831365889244,7.568328950209744,8.590135215053959,0.587143565885748,0.7584577047836721,0.8129377290791611,0.8012330363594271,0.5714568
HLA-A3201,RSWPLNEGI,9,492.0395356814506,34.04081897010008,12.274392311584071,23.933157564053875,0.4271084945177493,0.6739711046066835,0.7682470841492678,0.7065314316270342,0.41104403
HLA-A3201,RTAGMIIML,9,96.60508789898137,66.06934480075961,11.091748152624008,309.0295432513592,0.5775669991150565,0.6126810772742584,0.777610838325055,0.4700966386884084,0.4364359
HLA-A3201,RTSKAALER,9,43351.08783875284,6011.737374832779,1794.7336268325248,3076.096814740708,0.0131879974289761,0.1957812038568256,0.3075078161815588,0.2577096689739634,0.013326161
HLA-A3201,RTSKAPLER,9,68548.8226452662,5508.076964054036,2971.6660317380283,2606.1535499988977,-0.0291617089569704,0.2038680824631872,0.2609018578975272,0.2730321758070696,0.082992904
HLA-A3201,RTSKASLER,9,77803.6551039804,3810.658233937734,1129.7959146727976,1845.0154191794736,-0.0408664016767044,0.2379180976478677,0.3502831477573137,0.3049540650427077,0.034651376
HLA-A3201,RTSKTSLER,9,45814.1886714534,2238.72113856834,698.2324040771712,1836.5383433483453,0.0080804951512738,0.2870778070707503,0.3947609800923027,0.3053796902325162,0.040172983
HLA-A3201,RTVFFVLMM,9,51404.36515824265,82.41381150130022,16.71090614310707,89.12509381337455,-0.0025601345939387,0.5922510681634501,0.7397301964320979,0.5850154399367055,0.12588872
HLA-A3201,RTWAYHGSY,9,1.4621771744567182,101.39113857366787,39.902490236214206,98.4011105761134,0.964885921840798,0.5730979346220673,0.65928703555829,0.5758644983558225,1.0375854
HLA-A3201,RTYCIEASI,9,19.275249131909355,7.063175542629621,3.953666200681279,2.8119008303989403,0.7265358155480341,0.8193221069262886,0.8729508808421607,0.9044471448879902,0.660223
HLA-A3201,RTYSDPLAL,9,33.419504002611426,12.91219273613534,9.772372209558108,14.387985782558452,0.6756736053659175,0.7635652070613742,0.7893155310447889,0.7535630151008743,0.39320895
HLA-A3201,RVGTKHATL,9,526.0172663907063,74.98942093324558,293.0893245250321,49.31738039549359,0.4209369292655259,0.6009763845545244,0.4749913283712063,0.6397082768270986,0.25067827
HLA-A3201,RVLKMVEPW,9,34.99451670283573,31.47748314101317,39.53666200681279,5.91561634175474,0.6714173534678325,0.681206732833428,0.660138285937907,0.8357086767339162,0.7230648
HLA-A3201,RVLNLVENW,9,21.33044913146576,48.86523593428336,71.44963260755135,15.9220872705117,0.717172061372247,0.6405595272067157,0.6054454490475139,0.7441992609250871,0.8116457
HLA-A3201,RVMGITAEW,9,35.97493351557424,10.399201658290597,12.416523075924111,5.14043651582426,0.6688636023289813,0.7835695909823741,0.7671830211747466,0.8486902450230757,0.64672816
HLA-A3201,RVPNYNLII,9,148.2518085145953,38.63669770540692,295.80124665515467,59.97910762555095,0.5379838564628654,0.6622664118869495,0.4741400779915893,0.621619206260237,0.48191968
HLA-A3201,RVWIEDNPW,9,71.94489780036994,461.3175745603791,87.29713683881113,32.13660538640317,0.604807011262801,0.4330672471750684,0.5869307532908438,0.6792914194792898,0.5413244
HLA-A3201,RVWIEENPW,9,58.07644175213121,412.0975190973304,172.5837891990204,32.88516308759829,0.6245985825888967,0.4434950643253768,0.5239382251991846,0.6771632935302473,0.64164937
HLA-A3201,RVWIQENPW,9,22.438819237827666,138.9952631213354,107.89467222298286,32.96097121774578,0.7124901842843534,0.5439426091201844,0.5673519945596524,0.676950480935343,0.59215033
HLA-A3201,RVYADPMAL,9,30.76096814740709,36.05786430216423,34.753616144320574,32.13660538640317,0.6833348587824706,0.6686507897340772,0.6720557912525452,0.6792914194792898,0.505399
HLA-A3201,SALTLHWFRK,10,1940.88587759278,21330.44913146575,7079.457843841381,582.1032177708715,0.300272187954814,0.0787342766594861,0.1806715096186235,0.4115731750897388,0.24731457
HLA-A3201,SAVPSHWVPT,10,472.0630412635904,17338.039977541375,19275.249131909368,61.09420249055721,0.4309391212260258,0.097887410200869,0.0880980308352732,0.6199167055010031,0.28362727
HLA-A3201,SAVPTEWFPT,10,34040.81897010009,19364.219639466068,19678.86289706843,66.22165037017619,0.0355333198939226,0.0876724056454647,0.086182717481135,0.6124682646793542,0.1481713
HLA-A3201,SAVPVDWVPT,10,18706.821403658018,19588.44673505989,20653.80155810531,56.88529308438413,0.0908645945690285,0.0866083426709435,0.0817136529881455,0.626513895943035,0.29051948
HLA-A3201,SAVPVHWVPT,10,2004.4720273651608,15958.791472367337,13867.558288718868,54.70159628939719,0.2972928116261545,0.1055486636174219,0.1185302319065816,0.6301317100564072,0.39123473
HLA-A3201,SDLKYSWKTW,10,683.9116472814293,8770.008211436349,15885.467485977806,42.4619563946313,0.396676293446441,0.160879938292528,0.1059742888072304,0.6535410954958751,0.27530512
HLA-A3201,SDYLELDTI,9,54827.69649208536,7311.390834834172,2365.9196974857564,185.35316234148124,-0.0085188872512578,0.177692133289964,0.2819703047930484,0.5173410347571528,0.10415678
HLA-A3201,SEAAYAKKI,9,49888.44874600127,8317.63771102671,39264.493539959934,5861.381645140291,0.0002064291398163,0.1657746279753258,0.022338939009859,0.1981221424007723,0.04907048
HLA-A3201,SEIDLILGY,9,77803.6551039804,13212.956341865764,27039.583641088408,4365.158322401661,-0.0408664016767044,0.1229992963995707,0.056814579384348,0.2253621545485168,0.21413714
HLA-A3201,SGCVVSWKNK,10,9638.290236239704,26977.394324449207,33036.95410368149,618.0164001384164,0.1521546219014535,0.0570273919792522,0.0382998836276778,0.4060400476222281,0.13291678
HLA-A3201,SGPSNTYPEI,10,47315.12589614803,15667.5107010815,12246.16199265049,16826.740610704674,0.0051011188226144,0.107251164376656,0.1300221120314112,0.1006539739346242,0.12307151
HLA-A3201,SITEVECFL,9,44565.62483975033,11168.632477805611,9885.53094656939,5395.106225151273,0.0106342462901249,0.1385346158275814,0.1498136833575067,0.2057833958173255,0.42494646
HLA-A3201,SKGWHDWQQV,10,1406.0475241299143,21478.30474130533,37757.2190925416,263.02679918953817,0.3300659512414096,0.0780958388747733,0.0259567531232312,0.4849935203317063,0.2800331
HLA-A3201,SKGWKNWQEV,10,19860.94917357372,19633.60276836048,35481.33892335753,260.6153549998895,0.0853314671015179,0.0863955300760391,0.0317026931856461,0.4858447707113232,0.1774008
HLA-A3201,SKGWNDWQQV,10,56234.13251903491,21827.29911842999,35237.08710424869,370.680721782576,-0.0108598257952046,0.0766061507104436,0.0323411309703588,0.4532844436909724,0.17853437
HLA-A3201,SLGGVFTSI,9,294.44216337987604,26.42408757321946,57.94286964268812,66.98846094165262,0.4745657031813979,0.6973804900461513,0.6248113951838008,0.6114042017048329,0.42533246
HLA-A3201,SLGILCVSI,9,238.2319469358689,110.66237839776664,103.9920165829059,49.54501908047903,0.4941444619125892,0.5650110560157056,0.5707569960781205,0.63928265163729,0.40752336
HLA-A3201,SMINGVVKL,9,1496.235656094433,93.75620069258802,93.9723310564638,115.3453257821092,0.3243200111789948,0.5803335628488119,0.5801207502539076,0.5611804293074291,0.41934612
HLA-A3201,SPAIFQCSM,9,77803.6551039804,21627.1852372702,28575.905433749496,19633.60276836048,-0.0408664016767044,0.0774574010900606,0.0517070771066457,0.0863955300760391,0.0184749
HLA-A3201,SPAIFQSSM,9,67142.88529259522,26061.53549998898,31841.975217261253,45814.1886714534,-0.0272463956028321,0.0602195809028159,0.041704885146146,0.0080804951512738,0.040936463
HLA-A3201,SQQKADWIPL,10,2798.981319634363,17100.153150902897,5395.106225151273,85.11380382023764,0.2664349853650377,0.0991642857702943,0.2057833958173255,0.5892716918347906,0.08706941
HLA-A3201,SQSTIPETI,9,24154.608344449403,129.7179270983956,870.9635899560806,62.66138646723353,0.0672423965346564,0.5503269869673122,0.3743309709814943,0.6175757669570563,0.43755433
HLA-A3201,SRAWNVWEVE,10,26485.001386067008,23388.37238659353,42953.64267648873,241.54608344449403,0.0587298927384862,0.0702217728633159,0.014039247808593,0.4928675863431636,0.37228468
HLA-A3201,SSKNQTWQIE,10,31622.776601683792,22855.9880337543,42657.95188015926,870.9635899560806,0.0423433229308587,0.0723498988123585,0.0146776855933058,0.3743309709814943,0.17772976
HLA-A3201,STMPLVMAW,9,1.6982436524617444,26.485001386067008,16.63412650370169,39.26449353995999,0.9510531031720216,0.6971676774512471,0.7401558216219064,0.6607767237226196,0.7187859
HLA-A3201,STMSLVMAW,9,2.7227013080779123,23.76840286624876,19.230917289101587,45.81418867145335,0.9074265212166496,0.707169869411747,0.7267486281429383,0.6465182798640348,0.83116746
HLA-A3201,SYKDREWCFT,10,16481.62391525507,28119.008303989394,40364.539296760486,248.88573182823905,0.1025692872887625,0.0531967652709757,0.0197851878710079,0.4901010226094083,0.17520672
HLA-A3201,TAIAGAWENG,10,60534.08747539136,23280.91257665008,33806.48362059816,254.0972705549304,-0.0176698288321408,0.0706473980531244,0.0361717576786354,0.48818570925527,0.16155267
HLA-A3201,TASILLWYAQ,10,33189.44575526103,21877.61623949552,25941.793621188124,119.1242008027375,0.0378742584378694,0.0763933381155393,0.0606452060926245,0.5582010529787695,0.10838163
HLA-A3201,TDNVHTWTEQ,10,37670.37989839093,24043.628000069348,46558.60935229591,201.3724249862389,0.0261695657181353,0.0676680217244648,0.0065908069869441,0.5096797813405995,0.13062954
HLA-A3201,TELKYSWKTW,10,4275.628861515865,6950.243175887969,25292.979964461472,40.55085354483839,0.2272774679026551,0.1823740103778576,0.0629861446365712,0.6577973473939602,0.26133484
HLA-A3201,TELRYSWKTW,10,2421.0290467361774,7673.614893618185,26791.683248190315,39.62780342554395,0.2798421788440057,0.1732230687969748,0.057665829763965,0.6599254733430027,0.25917077
HLA-A3201,TGCAVSWSGK,10,8452.788451602899,25882.12915153093,23550.49283896009,145.8814260275349,0.164284939810996,0.0608580186875287,0.0695833350786032,0.5394735446271952,0.120408624
HLA-A3201,TIFTLTVAW,9,157.03628043335516,10.715193052376064,178.64875748520498,13.677288255958487,0.5326635415902592,0.7808030272486188,0.5207460362756209,0.7582448921887679,0.56902945
HLA-A3201,TILTLTVAW,9,150.66070661867417,29.9916251898765,688.6522963442762,35.23708710424871,0.5364941682985356,0.6856757973264174,0.3960378556617282,0.6707789156831196,0.5754108
HLA-A3201,TLKRRSWPLN,10,19142.55925021086,26181.830082189863,28973.435877013213,803.5261221856169,0.088736468619986,0.0597939557130074,0.0504302015372204,0.3817794118031433,0.091829896
HLA-A3201,TLYAVATTF,9,81.2830516164099,9.22571427154763,18.32314422371212,21.527817347243737,0.5935279437328755,0.7946358459173952,0.7312176926359277,0.7163208109926299,0.5453395
HLA-A3201,TLYAVATTI,9,355.6313185689855,9.571940712948445,33.419504002611426,25.06109253032114,0.457115070399249,0.7912308443989272,0.6756736053659175,0.7022751797289493,0.5448323
HLA-A3201,TLYCVHQGI,9,22438.81923782766,109.3956366272094,117.48975549395291,141.90575216890912,0.0740523995715924,0.5660751189902269,0.559477928548195,0.5420272957660464,0.030002914
HLA-A3201,TLYCVHQRI,9,23604.78233180578,75.16228940182053,72.94575102545691,110.40786199020737,0.0693705224836989,0.6007635719596203,0.6035301356933755,0.5652238686106099,0.10267824
HLA-A3201,TNEVHTWTEQ,10,5357.966575133411,25351.286304979072,46451.52752227492,184.0772001468956,0.2064218336020383,0.0627733320416671,0.0068036195818483,0.5179794725418656,0.13170262
HLA-A3201,TPGPGIRYPL,10,69984.19960022731,14893.610777109154,20090.92812608728,15922.0872705117,-0.0310770223111087,0.1119330414645496,0.0842674041269967,0.1057614762123263,0.09265786
HLA-A3201,TPGPGTRYPL,10,69984.19960022731,16330.519478943346,24774.22057633286,16218.1009735893,-0.0310770223111087,0.1034205376683795,0.0649014579907095,0.1040589754530922,0.062813036
HLA-A3201,TPGPGVRYPL,10,69984.19960022731,14859.35642287006,23988.32919019489,15995.580286146678,-0.0310770223111087,0.1121458540594539,0.0678808343193692,0.1053358510225178,0.07729826
HLA-A3201,TSKKRSWPLN,10,38636.69770540689,25941.793621188124,38018.93963205613,857.0378452303702,0.0238286271741887,0.0606452060926245,0.0253183153385184,0.3758206591458241,0.099174
HLA-A3201,TSLSLDYAW,9,95.49925860214358,416.8693834703355,2333.4580622810045,134.89628825916532,0.5786310620895778,0.4424310013508555,0.2832471803624737,0.5467091728539398,0.69750917
HLA-A3201,TSNLQEQIGW,10,63679.55209079149,18492.68618978076,13212.956341865764,5741.164622073275,-0.0223517059200342,0.0919286575435499,0.1229992963995707,0.2000374557549107,0.41218314
HLA-A3201,TSTLQEQIAW,10,16634.126503701696,17060.823890031243,18836.49089489802,3228.4941217126348,0.1017180369091454,0.0993770983651987,0.0902261567843157,0.2532406044809741,0.5519633
HLA-A3201,TSTLQEQIGW,10,11614.486138403438,20941.12455850896,22961.48648112365,5929.2532458,0.1349168017142089,0.08043677741872,0.0719242736225498,0.1970580794262511,0.3848121
HLA-A3201,TTFSLHYAW,9,1.330454417978091,10.327614057613976,90.1571137605957,12.050359403717971,0.9736112382318726,0.7842080287670868,0.5839513769621842,0.7699495849085018,0.87284946
HLA-A3201,TTLSLDYAW,9,114.28783347897723,69.18309709189366,439.5416154378248,53.70317963702527,0.5620316796870459,0.6084248253761733,0.4375363116680576,0.6318342108156412,0.69712174
HLA-A3201,TTMFGGVSW,9,21.727011788637444,48.30588020397728,184.50154191794732,41.49540426343631,0.7154695606130129,0.6416235901812368,0.5177666599469612,0.6556692214449176,0.7525874
HLA-A3201,TTWALCESI,9,293.0893245250321,52.601726639070606,27.10191631890843,67.29766562843179,0.4749913283712063,0.6337495241697796,0.6950395515022045,0.6109785765150244,0.44055024
HLA-A3201,TVMAFHLTT,9,19230.917289101577,145.8814260275349,2904.022654464451,196.7886289706845,0.0883108434301775,0.5394735446271952,0.2630299838465697,0.5118079072896422,0.26357093
HLA-A3201,VDNVHTWTEQ,10,34119.29116219288,24660.39337234336,45498.80601500489,185.35316234148124,0.0353205072990182,0.0653270831805182,0.0087189329359865,0.5173410347571528,0.11484219
HLA-A3201,VDVCGMFTNR,10,59429.21586155727,24378.108183687506,27989.813196343628,8491.804750363135,-0.0159673280729066,0.0663911461550395,0.0536223904607842,0.1638593146211876,0.01835505
HLA-A3201,VLEWRFDSRL,10,69984.19960022731,13867.558288718868,11803.206356517298,180717.4126010929,-0.0310770223111087,0.1185302319065816,0.1334271135498792,-0.1187558114116613,0.09593037
HLA-A3201,VLFTFVLLL,9,494.3106869868354,86.29785477669702,115.3453257821092,171.79083871575875,0.4266828693279407,0.587994816265365,0.5611804293074291,0.5243638503889931,0.3460358
HLA-A3201,VMLLVHYAI,9,11.694993910198711,24.322040090738145,136.14446824659495,26.18183008218986,0.7727161486422571,0.7050417434627045,0.5458579224743227,0.6982317404257683,0.6117985
HLA-A3201,WIEDNPWMED,10,4159.106104940219,25234.80772480576,44874.53899331323,251.188643150958,0.2298312190415062,0.0631989572314756,0.0099958085054121,0.4892497722297914,0.13313171
HLA-A3201,WLVHKQWFLD,10,2079.696687103696,22961.48648112365,30130.06024186121,926.8298233793496,0.2938878101076865,0.0719242736225498,0.046812387423848,0.3685850309190794,0.14990488
HLA-A3201,WLVHRQWFLD,10,7294.575102545687,22594.35770220978,29512.09226666384,868.9604292863011,0.1779049458848682,0.0734139617868797,0.0487277007779863,0.3745437835763987,0.157785
HLA-A3201,WMVHRQWFFD,10,4965.923214503363,22335.722228305327,27797.132677592883,217.27011788637432,0.2134446492338786,0.0744780247614009,0.0542608282454969,0.5026569657087594,0.16289014
HLA-A3201,WNSGHEWVTD,10,61801.64001384164,20044.7202736516,43954.16154378243,116.14486138403426,-0.0195851421862791,0.084480216721901,0.0119111218595505,0.5605419915227163,0.12851012
HLA-A3201,WNSGNEWITD,10,7063.175542629616,23988.32919019489,43251.38310350088,165.19617982290148,0.1808843222135279,0.0678808343193692,0.0134008100238802,0.5279816645023655,0.12283483
HLA-A3201,WNSGYDWITD,10,4830.588020397723,23659.196974857565,43451.022417157146,80.72350302488378,0.2159984003727297,0.0691577098887947,0.0129751848340717,0.5941663815175884,0.1689004
HLA-A3201,WNTGFDWITD,10,1158.777356155125,23173.9464996848,42756.28861515864,53.57966575133417,0.347942209213367,0.0710730232429329,0.0144648729984014,0.6320470234105455,0.36417526
HLA-A3201,WRFQGSWNTG,10,49090.78761526029,15885.467485977806,38282.474331682286,53.4564359396972,0.0016961173041463,0.1059742888072304,0.0246798775538056,0.6322598360054497,0.26186597
HLA-A3201,WRLQGSWNTG,10,19769.69640111862,20323.57010936221,38106.58233937734,57.543993733715695,0.0857570922913264,0.0832033411524755,0.0251055027436141,0.6254498329685136,0.08857415
HLA-A3201,WRLSAQWQKG,10,36057.8643021642,24945.94726942956,44668.359215096345,635.3309318517436,0.0302130050213164,0.0642630202059968,0.0104214336952206,0.4034862964833771,0.16029322
HLA-A3201,YEFLQPILL,9,261.2161354399205,13677.288255958494,23388.37238659353,5714.786366718666,0.485631958116419,0.1198071074760069,0.0702217728633159,0.2004630809447192,0.013832502
HLA-A3201,YLPTQQDVL,9,52360.04365857496,19364.219639466068,16943.37800447329,9616.122783836649,-0.0042626353531727,0.0876724056454647,0.1000155361499114,0.1523674344963578,-0.008574568
HLA-A3201,YPLTFGWCY,9,39536.66200681275,30199.51720402019,30619.63433690682,143548.9433353656,0.0217005012251462,0.0465995748289437,0.0453226992595181,-0.0974745519212358,0.06853765
HLA-A3201,YQAVVPLVY,9,1256.029963694874,20090.92812608728,3228.4941217126348,17906.058540352948,0.3404937683917181,0.0842674041269967,0.2532406044809741,0.0949080338722093,0.017380677
HLA-A3201,YQGKTVWFVP,10,8511.380382023768,20511.621788255667,22438.81923782766,207.49135174549085,0.1636465020262832,0.0823520907728583,0.0740523995715924,0.5069132176068445,0.08090176
HLA-A3201,YRHDGGNVL,9,77803.6551039804,29444.21633798757,41114.97211045221,369828.1797802659,-0.0408664016767044,0.0489405133728907,0.0180826871117738,-0.1849405284268841,0.02823279
HLA-A3201,YTAVVPLVY,9,9141.132414702508,9440.608762859236,691.8309709189363,6807.693586937417,0.1570493115842514,0.1540699352555918,0.3956122304719197,0.1842893237319959,0.18115368
HLA-A3201,YTGDFDSVI,9,37844.25847170936,4688.133821452655,3191.5378551007584,1584.893192461114,0.0257439405283268,0.2187649641064849,0.2543046674554954,0.3189996963063883,-0.003467612
HLA-A3201,YVADALAAF,9,1845.0154191794736,7906.786279998253,630.957344480193,1667.2472125510626,0.3049540650427077,0.1704565050632194,0.4041247342680899,0.3143178192184949,0.2264764
HLA-A3201,YVFPVIFSK,9,60813.50012787176,3917.418771077831,349.1403154785863,2089.296130854039,-0.0180954540219493,0.2353643465090167,0.458817571158483,0.293462184917878,0.008026771
HLA-A3201,YVFPVIFSR,9,27164.392688390835,3801.8939632056126,112.46049739669267,3357.3761424295485,0.0563889541945394,0.238130910242772,0.5635213678513757,0.2496227903676017,0.016008392
HLA-A3201,YVIKVSARV,9,77803.6551039804,6295.061828571975,4178.303666466222,6412.095765851615,-0.0408664016767044,0.1915249519587405,0.2294055938516975,0.1898224511995064,0.03846217
